21,maven-compat/src/main/java/org/apache/maven/artifact/ArtifactUtils.java,xxx,xxx,xxx,xxx,xxx,xxx,xxx,xxx,xxx,xxx,xxx,xxx,xxx,xxx,xxx,xxx,Yes
21,maven-compat/src/main/java/org/apache/maven/artifact/repository/MavenArtifactRepository.java,xxx,xxx,xxx,xxx,xxx,xxx,xxx,xxx,xxx,xxx,xxx,xxx,xxx,xxx,xxx,xxx,Yes
21,maven-compat/src/main/java/org/apache/maven/artifact/resolver/DefaultArtifactResolver.java,xxx,xxx,xxx,xxx,xxx,xxx,xxx,xxx,xxx,xxx,xxx,xxx,xxx,xxx,xxx,xxx,Yes
21,maven-compat/src/main/java/org/apache/maven/artifact/versioning/DefaultArtifactVersion.java,xxx,xxx,xxx,xxx,xxx,xxx,xxx,xxx,xxx,xxx,xxx,xxx,xxx,xxx,xxx,xxx,Yes
21,maven-compat/src/main/java/org/apache/maven/repository/DefaultMirrorBuilder.java,xxx,xxx,xxx,xxx,xxx,xxx,xxx,xxx,xxx,xxx,xxx,xxx,xxx,xxx,xxx,xxx,Yes
21,maven-compat/src/main/java/org/apache/maven/repository/DelegatingLocalArtifactRepository.java,xxx,xxx,xxx,xxx,xxx,xxx,xxx,xxx,xxx,xxx,xxx,xxx,xxx,xxx,xxx,xxx,Yes
21,maven-compat/src/main/java/org/apache/maven/repository/LegacyRepositorySystem.java,xxx,xxx,xxx,xxx,xxx,xxx,xxx,xxx,xxx,xxx,xxx,xxx,xxx,xxx,xxx,xxx,Yes
21,maven-compat/src/main/java/org/apache/maven/repository/MirrorBuilder.java,xxx,xxx,xxx,xxx,xxx,xxx,xxx,xxx,xxx,xxx,xxx,xxx,xxx,xxx,xxx,xxx,Yes
21,maven-compat/src/main/java/org/apache/maven/repository/UserLocalArtifactRepository.java,xxx,xxx,xxx,xxx,xxx,xxx,xxx,xxx,xxx,xxx,xxx,xxx,xxx,xxx,xxx,xxx,Yes
21,maven-compat/src/main/java/org/apache/maven/repository/legacy/resolver/DefaultLegacyArtifactCollector.java,xxx,xxx,xxx,xxx,xxx,xxx,xxx,xxx,xxx,xxx,xxx,xxx,xxx,xxx,xxx,xxx,Yes
21,maven-core/src/main/java/org/apache/maven/DefaultMaven.java,xxx,xxx,xxx,xxx,xxx,xxx,xxx,xxx,xxx,xxx,xxx,xxx,xxx,xxx,xxx,xxx,Yes
21,maven-core/src/main/java/org/apache/maven/ReactorArtifactRepository.java,xxx,xxx,xxx,xxx,xxx,xxx,xxx,xxx,xxx,xxx,xxx,xxx,xxx,xxx,xxx,xxx,Yes
21,maven-core/src/main/java/org/apache/maven/execution/ProjectSorter.java,xxx,xxx,xxx,xxx,xxx,xxx,xxx,xxx,xxx,xxx,xxx,xxx,xxx,xxx,xxx,xxx,Yes
21,maven-core/src/main/java/org/apache/maven/lifecycle/DefaultLifecycleExecutor.java,xxx,xxx,xxx,xxx,xxx,xxx,xxx,xxx,xxx,xxx,xxx,xxx,xxx,xxx,xxx,xxx,Yes
21,maven-core/src/main/java/org/apache/maven/lifecycle/mapping/DefaultLifecycleMapping.java,xxx,xxx,xxx,xxx,xxx,xxx,xxx,xxx,xxx,xxx,xxx,xxx,xxx,xxx,xxx,xxx,Yes
21,maven-core/src/main/java/org/apache/maven/lifecycle/mapping/LifecycleMapping.java,xxx,xxx,xxx,xxx,xxx,xxx,xxx,xxx,xxx,xxx,xxx,xxx,xxx,xxx,xxx,xxx,Yes
21,maven-core/src/main/java/org/apache/maven/plugin/DefaultPluginManager.java,xxx,xxx,xxx,xxx,xxx,xxx,xxx,xxx,xxx,xxx,xxx,xxx,xxx,xxx,xxx,xxx,Yes
21,maven-core/src/main/java/org/apache/maven/plugin/MojoExecution.java,xxx,xxx,xxx,xxx,xxx,xxx,xxx,xxx,xxx,xxx,xxx,xxx,xxx,xxx,xxx,xxx,Yes
21,maven-core/src/main/java/org/apache/maven/project/DefaultProjectBuilder.java,xxx,xxx,xxx,xxx,xxx,xxx,xxx,xxx,xxx,xxx,xxx,xxx,xxx,xxx,xxx,xxx,Yes
21,maven-core/src/main/java/org/apache/maven/project/ProjectBuilder.java,xxx,xxx,xxx,xxx,xxx,xxx,xxx,xxx,xxx,xxx,xxx,xxx,xxx,xxx,xxx,xxx,Yes
21,maven-core/src/main/java/org/apache/maven/project/ProjectBuildingException.java,xxx,xxx,xxx,xxx,xxx,xxx,xxx,xxx,xxx,xxx,xxx,xxx,xxx,xxx,xxx,xxx,Yes
21,maven-core/src/main/java/org/apache/maven/project/RepositoryModelResolver.java,xxx,xxx,xxx,xxx,xxx,xxx,xxx,xxx,xxx,xxx,xxx,xxx,xxx,xxx,xxx,xxx,Yes
21,maven-core/src/main/java/org/apache/maven/project/artifact/MavenMetadataSource.java,xxx,xxx,xxx,xxx,xxx,xxx,xxx,xxx,xxx,xxx,xxx,xxx,xxx,xxx,xxx,xxx,Yes
22,maven-compat/src/main/java/org/apache/maven/artifact/Artifact.java,xxx,xxx,xxx,xxx,xxx,xxx,xxx,xxx,xxx,xxx,xxx,xxx,xxx,xxx,xxx,xxx,Yes
22,maven-compat/src/main/java/org/apache/maven/artifact/ArtifactUtils.java,xxx,xxx,xxx,xxx,xxx,xxx,xxx,xxx,xxx,xxx,xxx,xxx,xxx,xxx,xxx,xxx,Yes
22,maven-compat/src/main/java/org/apache/maven/artifact/repository/MavenArtifactRepository.java,xxx,xxx,xxx,xxx,xxx,xxx,xxx,xxx,xxx,xxx,xxx,xxx,xxx,xxx,xxx,xxx,Yes
22,maven-compat/src/main/java/org/apache/maven/artifact/repository/metadata/ArtifactRepositoryMetadata.java,xxx,xxx,xxx,xxx,xxx,xxx,xxx,xxx,xxx,xxx,xxx,xxx,xxx,xxx,xxx,xxx,Yes
22,maven-compat/src/main/java/org/apache/maven/artifact/repository/metadata/DefaultRepositoryMetadataManager.java,xxx,xxx,xxx,xxx,xxx,xxx,xxx,xxx,xxx,xxx,xxx,xxx,xxx,xxx,xxx,xxx,Yes
22,maven-compat/src/main/java/org/apache/maven/artifact/resolver/ArtifactResolutionRequest.java,xxx,xxx,xxx,xxx,xxx,xxx,xxx,xxx,xxx,xxx,xxx,xxx,xxx,xxx,xxx,xxx,Yes
22,maven-compat/src/main/java/org/apache/maven/artifact/resolver/DefaultArtifactResolver.java,xxx,xxx,xxx,xxx,xxx,xxx,xxx,xxx,xxx,xxx,xxx,xxx,xxx,xxx,xxx,xxx,Yes
22,maven-compat/src/main/java/org/apache/maven/artifact/versioning/DefaultArtifactVersion.java,xxx,xxx,xxx,xxx,xxx,xxx,xxx,xxx,xxx,xxx,xxx,xxx,xxx,xxx,xxx,xxx,Yes
22,maven-compat/src/main/java/org/apache/maven/repository/DefaultMirrorBuilder.java,xxx,xxx,xxx,xxx,xxx,xxx,xxx,xxx,xxx,xxx,xxx,xxx,xxx,xxx,xxx,xxx,Yes
22,maven-compat/src/main/java/org/apache/maven/repository/DelegatingLocalArtifactRepository.java,xxx,xxx,xxx,xxx,xxx,xxx,xxx,xxx,xxx,xxx,xxx,xxx,xxx,xxx,xxx,xxx,Yes
22,maven-compat/src/main/java/org/apache/maven/repository/LegacyRepositorySystem.java,xxx,xxx,xxx,xxx,xxx,xxx,xxx,xxx,xxx,xxx,xxx,xxx,xxx,xxx,xxx,xxx,Yes
22,maven-compat/src/main/java/org/apache/maven/repository/MirrorBuilder.java,xxx,xxx,xxx,xxx,xxx,xxx,xxx,xxx,xxx,xxx,xxx,xxx,xxx,xxx,xxx,xxx,Yes
22,maven-compat/src/main/java/org/apache/maven/repository/RepositorySystem.java,xxx,xxx,xxx,xxx,xxx,xxx,xxx,xxx,xxx,xxx,xxx,xxx,xxx,xxx,xxx,xxx,Yes
22,maven-compat/src/main/java/org/apache/maven/repository/UserLocalArtifactRepository.java,xxx,xxx,xxx,xxx,xxx,xxx,xxx,xxx,xxx,xxx,xxx,xxx,xxx,xxx,xxx,xxx,Yes
22,maven-compat/src/main/java/org/apache/maven/repository/legacy/DefaultUpdateCheckManager.java,xxx,xxx,xxx,xxx,xxx,xxx,xxx,xxx,xxx,xxx,xxx,xxx,xxx,xxx,xxx,xxx,Yes
22,maven-compat/src/main/java/org/apache/maven/repository/legacy/DefaultWagonManager.java,xxx,xxx,xxx,xxx,xxx,xxx,xxx,xxx,xxx,xxx,xxx,xxx,xxx,xxx,xxx,xxx,Yes
22,maven-compat/src/main/java/org/apache/maven/repository/legacy/metadata/DefaultMetadataResolutionRequest.java,xxx,xxx,xxx,xxx,xxx,xxx,xxx,xxx,xxx,xxx,xxx,xxx,xxx,xxx,xxx,xxx,Yes
22,maven-compat/src/main/java/org/apache/maven/repository/legacy/resolver/DefaultLegacyArtifactCollector.java,xxx,xxx,xxx,xxx,xxx,xxx,xxx,xxx,xxx,xxx,xxx,xxx,xxx,xxx,xxx,xxx,Yes
22,maven-compat/src/main/java/org/apache/maven/repository/legacy/resolver/LegacyArtifactCollector.java,xxx,xxx,xxx,xxx,xxx,xxx,xxx,xxx,xxx,xxx,xxx,xxx,xxx,xxx,xxx,xxx,Yes
22,maven-core/src/main/java/org/apache/maven/DefaultArtifactFilterManager.java,xxx,xxx,xxx,xxx,xxx,xxx,xxx,xxx,xxx,xxx,xxx,xxx,xxx,xxx,xxx,xxx,Yes
22,maven-core/src/main/java/org/apache/maven/DefaultMaven.java,xxx,xxx,xxx,xxx,xxx,xxx,xxx,xxx,xxx,xxx,xxx,xxx,xxx,xxx,xxx,xxx,Yes
22,maven-core/src/main/java/org/apache/maven/DefaultProjectDependenciesResolver.java,xxx,xxx,xxx,xxx,xxx,xxx,xxx,xxx,xxx,xxx,xxx,xxx,xxx,xxx,xxx,xxx,Yes
22,maven-core/src/main/java/org/apache/maven/ReactorArtifactRepository.java,xxx,xxx,xxx,xxx,xxx,xxx,xxx,xxx,xxx,xxx,xxx,xxx,xxx,xxx,xxx,xxx,Yes
22,maven-core/src/main/java/org/apache/maven/classrealm/DefaultClassRealmManager.java,xxx,xxx,xxx,xxx,xxx,xxx,xxx,xxx,xxx,xxx,xxx,xxx,xxx,xxx,xxx,xxx,Yes
22,maven-core/src/main/java/org/apache/maven/exception/DefaultExceptionHandler.java,xxx,xxx,xxx,xxx,xxx,xxx,xxx,xxx,xxx,xxx,xxx,xxx,xxx,xxx,xxx,xxx,Yes
22,maven-core/src/main/java/org/apache/maven/execution/DefaultMavenExecutionRequest.java,xxx,xxx,xxx,xxx,xxx,xxx,xxx,xxx,xxx,xxx,xxx,xxx,xxx,xxx,xxx,xxx,Yes
22,maven-core/src/main/java/org/apache/maven/execution/MavenExecutionRequest.java,xxx,xxx,xxx,xxx,xxx,xxx,xxx,xxx,xxx,xxx,xxx,xxx,xxx,xxx,xxx,xxx,Yes
22,maven-core/src/main/java/org/apache/maven/execution/ProjectSorter.java,xxx,xxx,xxx,xxx,xxx,xxx,xxx,xxx,xxx,xxx,xxx,xxx,xxx,xxx,xxx,xxx,Yes
22,maven-core/src/main/java/org/apache/maven/lifecycle/DefaultLifecycleExecutor.java,xxx,xxx,xxx,xxx,xxx,xxx,xxx,xxx,xxx,xxx,xxx,xxx,xxx,xxx,xxx,xxx,Yes
22,maven-core/src/main/java/org/apache/maven/lifecycle/LifecycleExecutor.java,xxx,xxx,xxx,xxx,xxx,xxx,xxx,xxx,xxx,xxx,xxx,xxx,xxx,xxx,xxx,xxx,Yes
22,maven-core/src/main/java/org/apache/maven/lifecycle/mapping/DefaultLifecycleMapping.java,xxx,xxx,xxx,xxx,xxx,xxx,xxx,xxx,xxx,xxx,xxx,xxx,xxx,xxx,xxx,xxx,Yes
22,maven-core/src/main/java/org/apache/maven/lifecycle/mapping/Lifecycle.java,xxx,xxx,xxx,xxx,xxx,xxx,xxx,xxx,xxx,xxx,xxx,xxx,xxx,xxx,xxx,xxx,Yes
22,maven-core/src/main/java/org/apache/maven/lifecycle/mapping/LifecycleMapping.java,xxx,xxx,xxx,xxx,xxx,xxx,xxx,xxx,xxx,xxx,xxx,xxx,xxx,xxx,xxx,xxx,Yes
22,maven-core/src/main/java/org/apache/maven/model/plugin/DefaultLifecycleBindingsInjector.java,xxx,xxx,xxx,xxx,xxx,xxx,xxx,xxx,xxx,xxx,xxx,xxx,xxx,xxx,xxx,xxx,Yes
22,maven-core/src/main/java/org/apache/maven/plugin/DefaultPluginCache.java,xxx,xxx,xxx,xxx,xxx,xxx,xxx,xxx,xxx,xxx,xxx,xxx,xxx,xxx,xxx,xxx,Yes
22,maven-core/src/main/java/org/apache/maven/plugin/DefaultPluginManager.java,xxx,xxx,xxx,xxx,xxx,xxx,xxx,xxx,xxx,xxx,xxx,xxx,xxx,xxx,xxx,xxx,Yes
22,maven-core/src/main/java/org/apache/maven/plugin/MojoExecution.java,xxx,xxx,xxx,xxx,xxx,xxx,xxx,xxx,xxx,xxx,xxx,xxx,xxx,xxx,xxx,xxx,Yes
22,maven-core/src/main/java/org/apache/maven/plugin/PluginCache.java,xxx,xxx,xxx,xxx,xxx,xxx,xxx,xxx,xxx,xxx,xxx,xxx,xxx,xxx,xxx,xxx,Yes
22,maven-core/src/main/java/org/apache/maven/plugin/PluginParameterExpressionEvaluator.java,xxx,xxx,xxx,xxx,xxx,xxx,xxx,xxx,xxx,xxx,xxx,xxx,xxx,xxx,xxx,xxx,Yes
22,maven-core/src/main/java/org/apache/maven/project/DefaultMavenProjectBuilder.java,xxx,xxx,xxx,xxx,xxx,xxx,xxx,xxx,xxx,xxx,xxx,xxx,xxx,xxx,xxx,xxx,Yes
22,maven-core/src/main/java/org/apache/maven/project/DefaultModelBuildingListener.java,xxx,xxx,xxx,xxx,xxx,xxx,xxx,xxx,xxx,xxx,xxx,xxx,xxx,xxx,xxx,xxx,Yes
22,maven-core/src/main/java/org/apache/maven/project/DefaultProjectBuilder.java,xxx,xxx,xxx,xxx,xxx,xxx,xxx,xxx,xxx,xxx,xxx,xxx,xxx,xxx,xxx,xxx,Yes
22,maven-core/src/main/java/org/apache/maven/project/DefaultProjectBuildingHelper.java,xxx,xxx,xxx,xxx,xxx,xxx,xxx,xxx,xxx,xxx,xxx,xxx,xxx,xxx,xxx,xxx,Yes
22,maven-core/src/main/java/org/apache/maven/project/DefaultProjectBuildingRequest.java,xxx,xxx,xxx,xxx,xxx,xxx,xxx,xxx,xxx,xxx,xxx,xxx,xxx,xxx,xxx,xxx,Yes
22,maven-core/src/main/java/org/apache/maven/project/MavenProject.java,xxx,xxx,xxx,xxx,xxx,xxx,xxx,xxx,xxx,xxx,xxx,xxx,xxx,xxx,xxx,xxx,Yes
22,maven-core/src/main/java/org/apache/maven/project/ProjectBuilder.java,xxx,xxx,xxx,xxx,xxx,xxx,xxx,xxx,xxx,xxx,xxx,xxx,xxx,xxx,xxx,xxx,Yes
22,maven-core/src/main/java/org/apache/maven/project/ProjectBuildingException.java,xxx,xxx,xxx,xxx,xxx,xxx,xxx,xxx,xxx,xxx,xxx,xxx,xxx,xxx,xxx,xxx,Yes
22,maven-core/src/main/java/org/apache/maven/project/ProjectBuildingRequest.java,xxx,xxx,xxx,xxx,xxx,xxx,xxx,xxx,xxx,xxx,xxx,xxx,xxx,xxx,xxx,xxx,Yes
22,maven-core/src/main/java/org/apache/maven/project/RepositoryModelResolver.java,xxx,xxx,xxx,xxx,xxx,xxx,xxx,xxx,xxx,xxx,xxx,xxx,xxx,xxx,xxx,xxx,Yes
22,maven-core/src/main/java/org/apache/maven/project/artifact/MavenMetadataSource.java,xxx,xxx,xxx,xxx,xxx,xxx,xxx,xxx,xxx,xxx,xxx,xxx,xxx,xxx,xxx,xxx,Yes
22,maven-embedder/src/main/java/org/apache/maven/cli/CLIRequestUtils.java,xxx,xxx,xxx,xxx,xxx,xxx,xxx,xxx,xxx,xxx,xxx,xxx,xxx,xxx,xxx,xxx,Yes
22,maven-embedder/src/main/java/org/apache/maven/cli/MavenCli.java,xxx,xxx,xxx,xxx,xxx,xxx,xxx,xxx,xxx,xxx,xxx,xxx,xxx,xxx,xxx,xxx,Yes
22,maven-embedder/src/main/java/org/apache/maven/embedder/execution/DefaultMavenExecutionRequestPopulator.java,xxx,xxx,xxx,xxx,xxx,xxx,xxx,xxx,xxx,xxx,xxx,xxx,xxx,xxx,xxx,xxx,Yes
22,maven-embedder/src/main/java/org/apache/maven/embedder/execution/MavenExecutionRequestPopulator.java,xxx,xxx,xxx,xxx,xxx,xxx,xxx,xxx,xxx,xxx,xxx,xxx,xxx,xxx,xxx,xxx,Yes
22,maven-model-builder/src/main/java/org/apache/maven/model/building/DefaultModelBuilder.java,xxx,xxx,xxx,xxx,xxx,xxx,xxx,xxx,xxx,xxx,xxx,xxx,xxx,xxx,xxx,xxx,Yes
22,maven-model-builder/src/main/java/org/apache/maven/model/building/DefaultModelProblemCollector.java,xxx,xxx,xxx,xxx,xxx,xxx,xxx,xxx,xxx,xxx,xxx,xxx,xxx,xxx,xxx,xxx,Yes
22,maven-model-builder/src/main/java/org/apache/maven/model/inheritance/DefaultInheritanceAssembler.java,xxx,xxx,xxx,xxx,xxx,xxx,xxx,xxx,xxx,xxx,xxx,xxx,xxx,xxx,xxx,xxx,Yes
22,maven-model-builder/src/main/java/org/apache/maven/model/management/DefaultPluginManagementInjector.java,xxx,xxx,xxx,xxx,xxx,xxx,xxx,xxx,xxx,xxx,xxx,xxx,xxx,xxx,xxx,xxx,Yes
22,maven-model-builder/src/main/java/org/apache/maven/model/management/DependencyManagementInjector.java,xxx,xxx,xxx,xxx,xxx,xxx,xxx,xxx,xxx,xxx,xxx,xxx,xxx,xxx,xxx,xxx,Yes
22,maven-model-builder/src/main/java/org/apache/maven/model/management/PluginManagementInjector.java,xxx,xxx,xxx,xxx,xxx,xxx,xxx,xxx,xxx,xxx,xxx,xxx,xxx,xxx,xxx,xxx,Yes
22,maven-model-builder/src/main/java/org/apache/maven/model/normalization/DefaultModelNormalizer.java,xxx,xxx,xxx,xxx,xxx,xxx,xxx,xxx,xxx,xxx,xxx,xxx,xxx,xxx,xxx,xxx,Yes
22,maven-model-builder/src/main/java/org/apache/maven/model/plugin/LifecycleBindingsInjector.java,xxx,xxx,xxx,xxx,xxx,xxx,xxx,xxx,xxx,xxx,xxx,xxx,xxx,xxx,xxx,xxx,Yes
22,maven-model-builder/src/main/java/org/apache/maven/model/validation/DefaultModelValidator.java,xxx,xxx,xxx,xxx,xxx,xxx,xxx,xxx,xxx,xxx,xxx,xxx,xxx,xxx,xxx,xxx,Yes
23,maven-compat/src/main/java/org/apache/maven/artifact/repository/metadata/DefaultRepositoryMetadataManager.java,xxx,xxx,xxx,xxx,xxx,xxx,xxx,xxx,xxx,xxx,xxx,xxx,xxx,xxx,xxx,xxx,Yes
23,maven-compat/src/main/java/org/apache/maven/artifact/resolver/DefaultArtifactResolver.java,xxx,xxx,xxx,xxx,xxx,xxx,xxx,xxx,xxx,xxx,xxx,xxx,xxx,xxx,xxx,xxx,Yes
23,maven-compat/src/main/java/org/apache/maven/repository/UserLocalArtifactRepository.java,xxx,xxx,xxx,xxx,xxx,xxx,xxx,xxx,xxx,xxx,xxx,xxx,xxx,xxx,xxx,xxx,Yes
23,maven-compat/src/main/java/org/apache/maven/repository/legacy/DefaultUpdateCheckManager.java,xxx,xxx,xxx,xxx,xxx,xxx,xxx,xxx,xxx,xxx,xxx,xxx,xxx,xxx,xxx,xxx,Yes
23,maven-compat/src/main/java/org/apache/maven/repository/legacy/DefaultWagonManager.java,xxx,xxx,xxx,xxx,xxx,xxx,xxx,xxx,xxx,xxx,xxx,xxx,xxx,xxx,xxx,xxx,Yes
23,maven-compat/src/main/java/org/apache/maven/repository/legacy/resolver/DefaultLegacyArtifactCollector.java,xxx,xxx,xxx,xxx,xxx,xxx,xxx,xxx,xxx,xxx,xxx,xxx,xxx,xxx,xxx,xxx,Yes
23,maven-compat/src/main/java/org/apache/maven/repository/legacy/resolver/LegacyArtifactCollector.java,xxx,xxx,xxx,xxx,xxx,xxx,xxx,xxx,xxx,xxx,xxx,xxx,xxx,xxx,xxx,xxx,Yes
23,maven-core/src/main/java/org/apache/maven/DefaultArtifactFilterManager.java,xxx,xxx,xxx,xxx,xxx,xxx,xxx,xxx,xxx,xxx,xxx,xxx,xxx,xxx,xxx,xxx,Yes
23,maven-core/src/main/java/org/apache/maven/DefaultMaven.java,xxx,xxx,xxx,xxx,xxx,xxx,xxx,xxx,xxx,xxx,xxx,xxx,xxx,xxx,xxx,xxx,Yes
23,maven-core/src/main/java/org/apache/maven/DefaultProjectDependenciesResolver.java,xxx,xxx,xxx,xxx,xxx,xxx,xxx,xxx,xxx,xxx,xxx,xxx,xxx,xxx,xxx,xxx,Yes
23,maven-core/src/main/java/org/apache/maven/ReactorArtifactRepository.java,xxx,xxx,xxx,xxx,xxx,xxx,xxx,xxx,xxx,xxx,xxx,xxx,xxx,xxx,xxx,xxx,Yes
23,maven-core/src/main/java/org/apache/maven/artifact/resolver/ArtifactResolutionRequest.java,xxx,xxx,xxx,xxx,xxx,xxx,xxx,xxx,xxx,xxx,xxx,xxx,xxx,xxx,xxx,xxx,Yes
23,maven-core/src/main/java/org/apache/maven/classrealm/DefaultClassRealmManager.java,xxx,xxx,xxx,xxx,xxx,xxx,xxx,xxx,xxx,xxx,xxx,xxx,xxx,xxx,xxx,xxx,Yes
23,maven-core/src/main/java/org/apache/maven/exception/DefaultExceptionHandler.java,xxx,xxx,xxx,xxx,xxx,xxx,xxx,xxx,xxx,xxx,xxx,xxx,xxx,xxx,xxx,xxx,Yes
23,maven-core/src/main/java/org/apache/maven/execution/DefaultMavenExecutionRequest.java,xxx,xxx,xxx,xxx,xxx,xxx,xxx,xxx,xxx,xxx,xxx,xxx,xxx,xxx,xxx,xxx,Yes
23,maven-core/src/main/java/org/apache/maven/execution/MavenExecutionRequest.java,xxx,xxx,xxx,xxx,xxx,xxx,xxx,xxx,xxx,xxx,xxx,xxx,xxx,xxx,xxx,xxx,Yes
23,maven-core/src/main/java/org/apache/maven/execution/SettingsAdapter.java,xxx,xxx,xxx,xxx,xxx,xxx,xxx,xxx,xxx,xxx,xxx,xxx,xxx,xxx,xxx,xxx,Yes
23,maven-core/src/main/java/org/apache/maven/lifecycle/DefaultLifecycleExecutor.java,xxx,xxx,xxx,xxx,xxx,xxx,xxx,xxx,xxx,xxx,xxx,xxx,xxx,xxx,xxx,xxx,Yes
23,maven-core/src/main/java/org/apache/maven/lifecycle/LifecycleExecutor.java,xxx,xxx,xxx,xxx,xxx,xxx,xxx,xxx,xxx,xxx,xxx,xxx,xxx,xxx,xxx,xxx,Yes
23,maven-core/src/main/java/org/apache/maven/lifecycle/mapping/DefaultLifecycleMapping.java,xxx,xxx,xxx,xxx,xxx,xxx,xxx,xxx,xxx,xxx,xxx,xxx,xxx,xxx,xxx,xxx,Yes
23,maven-core/src/main/java/org/apache/maven/lifecycle/mapping/Lifecycle.java,xxx,xxx,xxx,xxx,xxx,xxx,xxx,xxx,xxx,xxx,xxx,xxx,xxx,xxx,xxx,xxx,Yes
23,maven-core/src/main/java/org/apache/maven/lifecycle/mapping/LifecycleMapping.java,xxx,xxx,xxx,xxx,xxx,xxx,xxx,xxx,xxx,xxx,xxx,xxx,xxx,xxx,xxx,xxx,Yes
23,maven-core/src/main/java/org/apache/maven/model/plugin/DefaultLifecycleBindingsInjector.java,xxx,xxx,xxx,xxx,xxx,xxx,xxx,xxx,xxx,xxx,xxx,xxx,xxx,xxx,xxx,xxx,Yes
23,maven-core/src/main/java/org/apache/maven/plugin/DefaultBuildPluginManager.java,xxx,xxx,xxx,xxx,xxx,xxx,xxx,xxx,xxx,xxx,xxx,xxx,xxx,xxx,xxx,xxx,Yes
23,maven-core/src/main/java/org/apache/maven/plugin/MojoExecution.java,xxx,xxx,xxx,xxx,xxx,xxx,xxx,xxx,xxx,xxx,xxx,xxx,xxx,xxx,xxx,xxx,Yes
23,maven-core/src/main/java/org/apache/maven/plugin/PluginParameterExpressionEvaluator.java,xxx,xxx,xxx,xxx,xxx,xxx,xxx,xxx,xxx,xxx,xxx,xxx,xxx,xxx,xxx,xxx,Yes
23,maven-core/src/main/java/org/apache/maven/plugin/internal/DefaultMavenPluginManager.java,xxx,xxx,xxx,xxx,xxx,xxx,xxx,xxx,xxx,xxx,xxx,xxx,xxx,xxx,xxx,xxx,Yes
23,maven-core/src/main/java/org/apache/maven/plugin/prefix/DefaultPluginPrefixRequest.java,xxx,xxx,xxx,xxx,xxx,xxx,xxx,xxx,xxx,xxx,xxx,xxx,xxx,xxx,xxx,xxx,Yes
23,maven-core/src/main/java/org/apache/maven/plugin/version/DefaultPluginVersionRequest.java,xxx,xxx,xxx,xxx,xxx,xxx,xxx,xxx,xxx,xxx,xxx,xxx,xxx,xxx,xxx,xxx,Yes
23,maven-core/src/main/java/org/apache/maven/plugin/version/internal/DefaultPluginVersionResolver.java,xxx,xxx,xxx,xxx,xxx,xxx,xxx,xxx,xxx,xxx,xxx,xxx,xxx,xxx,xxx,xxx,Yes
23,maven-core/src/main/java/org/apache/maven/project/DefaultModelBuildingListener.java,xxx,xxx,xxx,xxx,xxx,xxx,xxx,xxx,xxx,xxx,xxx,xxx,xxx,xxx,xxx,xxx,Yes
23,maven-core/src/main/java/org/apache/maven/project/DefaultProjectBuilder.java,xxx,xxx,xxx,xxx,xxx,xxx,xxx,xxx,xxx,xxx,xxx,xxx,xxx,xxx,xxx,xxx,Yes
23,maven-core/src/main/java/org/apache/maven/project/DefaultProjectBuildingHelper.java,xxx,xxx,xxx,xxx,xxx,xxx,xxx,xxx,xxx,xxx,xxx,xxx,xxx,xxx,xxx,xxx,Yes
23,maven-core/src/main/java/org/apache/maven/project/DefaultProjectBuildingRequest.java,xxx,xxx,xxx,xxx,xxx,xxx,xxx,xxx,xxx,xxx,xxx,xxx,xxx,xxx,xxx,xxx,Yes
23,maven-core/src/main/java/org/apache/maven/project/MavenProject.java,xxx,xxx,xxx,xxx,xxx,xxx,xxx,xxx,xxx,xxx,xxx,xxx,xxx,xxx,xxx,xxx,Yes
23,maven-core/src/main/java/org/apache/maven/project/ProjectBuilder.java,xxx,xxx,xxx,xxx,xxx,xxx,xxx,xxx,xxx,xxx,xxx,xxx,xxx,xxx,xxx,xxx,Yes
23,maven-core/src/main/java/org/apache/maven/project/ProjectBuildingException.java,xxx,xxx,xxx,xxx,xxx,xxx,xxx,xxx,xxx,xxx,xxx,xxx,xxx,xxx,xxx,xxx,Yes
23,maven-core/src/main/java/org/apache/maven/project/ProjectBuildingRequest.java,xxx,xxx,xxx,xxx,xxx,xxx,xxx,xxx,xxx,xxx,xxx,xxx,xxx,xxx,xxx,xxx,Yes
23,maven-core/src/main/java/org/apache/maven/project/RepositoryModelResolver.java,xxx,xxx,xxx,xxx,xxx,xxx,xxx,xxx,xxx,xxx,xxx,xxx,xxx,xxx,xxx,xxx,Yes
23,maven-core/src/main/java/org/apache/maven/project/artifact/MavenMetadataSource.java,xxx,xxx,xxx,xxx,xxx,xxx,xxx,xxx,xxx,xxx,xxx,xxx,xxx,xxx,xxx,xxx,Yes
23,maven-core/src/main/java/org/apache/maven/repository/legacy/metadata/DefaultMetadataResolutionRequest.java,xxx,xxx,xxx,xxx,xxx,xxx,xxx,xxx,xxx,xxx,xxx,xxx,xxx,xxx,xxx,xxx,Yes
23,maven-core/src/main/java/org/apache/maven/repository/legacy/metadata/MetadataResolutionRequest.java,xxx,xxx,xxx,xxx,xxx,xxx,xxx,xxx,xxx,xxx,xxx,xxx,xxx,xxx,xxx,xxx,Yes
23,maven-embedder/src/main/java/org/apache/maven/cli/MavenCli.java,xxx,xxx,xxx,xxx,xxx,xxx,xxx,xxx,xxx,xxx,xxx,xxx,xxx,xxx,xxx,xxx,Yes
23,maven-model-builder/src/main/java/org/apache/maven/model/building/DefaultModelBuilder.java,xxx,xxx,xxx,xxx,xxx,xxx,xxx,xxx,xxx,xxx,xxx,xxx,xxx,xxx,xxx,xxx,Yes
23,maven-model-builder/src/main/java/org/apache/maven/model/building/DefaultModelProblemCollector.java,xxx,xxx,xxx,xxx,xxx,xxx,xxx,xxx,xxx,xxx,xxx,xxx,xxx,xxx,xxx,xxx,Yes
23,maven-model-builder/src/main/java/org/apache/maven/model/inheritance/DefaultInheritanceAssembler.java,xxx,xxx,xxx,xxx,xxx,xxx,xxx,xxx,xxx,xxx,xxx,xxx,xxx,xxx,xxx,xxx,Yes
23,maven-model-builder/src/main/java/org/apache/maven/model/management/DefaultPluginManagementInjector.java,xxx,xxx,xxx,xxx,xxx,xxx,xxx,xxx,xxx,xxx,xxx,xxx,xxx,xxx,xxx,xxx,Yes
23,maven-model-builder/src/main/java/org/apache/maven/model/management/DependencyManagementInjector.java,xxx,xxx,xxx,xxx,xxx,xxx,xxx,xxx,xxx,xxx,xxx,xxx,xxx,xxx,xxx,xxx,Yes
23,maven-model-builder/src/main/java/org/apache/maven/model/management/PluginManagementInjector.java,xxx,xxx,xxx,xxx,xxx,xxx,xxx,xxx,xxx,xxx,xxx,xxx,xxx,xxx,xxx,xxx,Yes
23,maven-model-builder/src/main/java/org/apache/maven/model/normalization/DefaultModelNormalizer.java,xxx,xxx,xxx,xxx,xxx,xxx,xxx,xxx,xxx,xxx,xxx,xxx,xxx,xxx,xxx,xxx,Yes
23,maven-model-builder/src/main/java/org/apache/maven/model/plugin/LifecycleBindingsInjector.java,xxx,xxx,xxx,xxx,xxx,xxx,xxx,xxx,xxx,xxx,xxx,xxx,xxx,xxx,xxx,xxx,Yes
23,maven-model-builder/src/main/java/org/apache/maven/model/validation/DefaultModelValidator.java,xxx,xxx,xxx,xxx,xxx,xxx,xxx,xxx,xxx,xxx,xxx,xxx,xxx,xxx,xxx,xxx,Yes
24,maven-compat/src/main/java/org/apache/maven/artifact/deployer/DefaultArtifactDeployer.java,xxx,xxx,xxx,xxx,xxx,xxx,xxx,xxx,xxx,xxx,xxx,xxx,xxx,xxx,xxx,xxx,Yes
24,maven-compat/src/main/java/org/apache/maven/artifact/repository/metadata/DefaultRepositoryMetadataManager.java,xxx,xxx,xxx,xxx,xxx,xxx,xxx,xxx,xxx,xxx,xxx,xxx,xxx,xxx,xxx,xxx,Yes
24,maven-compat/src/main/java/org/apache/maven/artifact/resolver/DefaultArtifactResolver.java,xxx,xxx,xxx,xxx,xxx,xxx,xxx,xxx,xxx,xxx,xxx,xxx,xxx,xxx,xxx,xxx,Yes
24,maven-compat/src/main/java/org/apache/maven/profiles/DefaultProfileManager.java,xxx,xxx,xxx,xxx,xxx,xxx,xxx,xxx,xxx,xxx,xxx,xxx,xxx,xxx,xxx,xxx,Yes
24,maven-compat/src/main/java/org/apache/maven/project/DefaultMavenProjectBuilder.java,xxx,xxx,xxx,xxx,xxx,xxx,xxx,xxx,xxx,xxx,xxx,xxx,xxx,xxx,xxx,xxx,Yes
24,maven-compat/src/main/java/org/apache/maven/project/validation/DefaultModelValidator.java,xxx,xxx,xxx,xxx,xxx,xxx,xxx,xxx,xxx,xxx,xxx,xxx,xxx,xxx,xxx,xxx,Yes
24,maven-compat/src/main/java/org/apache/maven/repository/UserLocalArtifactRepository.java,xxx,xxx,xxx,xxx,xxx,xxx,xxx,xxx,xxx,xxx,xxx,xxx,xxx,xxx,xxx,xxx,Yes
24,maven-compat/src/main/java/org/apache/maven/repository/legacy/DefaultUpdateCheckManager.java,xxx,xxx,xxx,xxx,xxx,xxx,xxx,xxx,xxx,xxx,xxx,xxx,xxx,xxx,xxx,xxx,Yes
24,maven-compat/src/main/java/org/apache/maven/repository/legacy/DefaultWagonManager.java,xxx,xxx,xxx,xxx,xxx,xxx,xxx,xxx,xxx,xxx,xxx,xxx,xxx,xxx,xxx,xxx,Yes
24,maven-compat/src/main/java/org/apache/maven/repository/legacy/LegacyRepositorySystem.java,xxx,xxx,xxx,xxx,xxx,xxx,xxx,xxx,xxx,xxx,xxx,xxx,xxx,xxx,xxx,xxx,Yes
24,maven-compat/src/main/java/org/apache/maven/repository/legacy/resolver/DefaultLegacyArtifactCollector.java,xxx,xxx,xxx,xxx,xxx,xxx,xxx,xxx,xxx,xxx,xxx,xxx,xxx,xxx,xxx,xxx,Yes
24,maven-compat/src/main/java/org/apache/maven/repository/legacy/resolver/LegacyArtifactCollector.java,xxx,xxx,xxx,xxx,xxx,xxx,xxx,xxx,xxx,xxx,xxx,xxx,xxx,xxx,xxx,xxx,Yes
24,maven-core/src/main/java/org/apache/maven/DefaultArtifactFilterManager.java,xxx,xxx,xxx,xxx,xxx,xxx,xxx,xxx,xxx,xxx,xxx,xxx,xxx,xxx,xxx,xxx,Yes
24,maven-core/src/main/java/org/apache/maven/DefaultMaven.java,xxx,xxx,xxx,xxx,xxx,xxx,xxx,xxx,xxx,xxx,xxx,xxx,xxx,xxx,xxx,xxx,Yes
24,maven-core/src/main/java/org/apache/maven/DefaultProjectDependenciesResolver.java,xxx,xxx,xxx,xxx,xxx,xxx,xxx,xxx,xxx,xxx,xxx,xxx,xxx,xxx,xxx,xxx,Yes
24,maven-core/src/main/java/org/apache/maven/ReactorArtifactRepository.java,xxx,xxx,xxx,xxx,xxx,xxx,xxx,xxx,xxx,xxx,xxx,xxx,xxx,xxx,xxx,xxx,Yes
24,maven-core/src/main/java/org/apache/maven/artifact/resolver/ArtifactResolutionRequest.java,xxx,xxx,xxx,xxx,xxx,xxx,xxx,xxx,xxx,xxx,xxx,xxx,xxx,xxx,xxx,xxx,Yes
24,maven-core/src/main/java/org/apache/maven/classrealm/DefaultClassRealmManager.java,xxx,xxx,xxx,xxx,xxx,xxx,xxx,xxx,xxx,xxx,xxx,xxx,xxx,xxx,xxx,xxx,Yes
24,maven-core/src/main/java/org/apache/maven/exception/DefaultExceptionHandler.java,xxx,xxx,xxx,xxx,xxx,xxx,xxx,xxx,xxx,xxx,xxx,xxx,xxx,xxx,xxx,xxx,Yes
24,maven-core/src/main/java/org/apache/maven/execution/DefaultMavenExecutionRequest.java,xxx,xxx,xxx,xxx,xxx,xxx,xxx,xxx,xxx,xxx,xxx,xxx,xxx,xxx,xxx,xxx,Yes
24,maven-core/src/main/java/org/apache/maven/execution/MavenExecutionRequest.java,xxx,xxx,xxx,xxx,xxx,xxx,xxx,xxx,xxx,xxx,xxx,xxx,xxx,xxx,xxx,xxx,Yes
24,maven-core/src/main/java/org/apache/maven/execution/SettingsAdapter.java,xxx,xxx,xxx,xxx,xxx,xxx,xxx,xxx,xxx,xxx,xxx,xxx,xxx,xxx,xxx,xxx,Yes
24,maven-core/src/main/java/org/apache/maven/lifecycle/DefaultLifecycleExecutor.java,xxx,xxx,xxx,xxx,xxx,xxx,xxx,xxx,xxx,xxx,xxx,xxx,xxx,xxx,xxx,xxx,Yes
24,maven-core/src/main/java/org/apache/maven/lifecycle/LifecycleExecutor.java,xxx,xxx,xxx,xxx,xxx,xxx,xxx,xxx,xxx,xxx,xxx,xxx,xxx,xxx,xxx,xxx,Yes
24,maven-core/src/main/java/org/apache/maven/lifecycle/mapping/DefaultLifecycleMapping.java,xxx,xxx,xxx,xxx,xxx,xxx,xxx,xxx,xxx,xxx,xxx,xxx,xxx,xxx,xxx,xxx,Yes
24,maven-core/src/main/java/org/apache/maven/lifecycle/mapping/Lifecycle.java,xxx,xxx,xxx,xxx,xxx,xxx,xxx,xxx,xxx,xxx,xxx,xxx,xxx,xxx,xxx,xxx,Yes
24,maven-core/src/main/java/org/apache/maven/lifecycle/mapping/LifecycleMapping.java,xxx,xxx,xxx,xxx,xxx,xxx,xxx,xxx,xxx,xxx,xxx,xxx,xxx,xxx,xxx,xxx,Yes
24,maven-core/src/main/java/org/apache/maven/model/plugin/DefaultLifecycleBindingsInjector.java,xxx,xxx,xxx,xxx,xxx,xxx,xxx,xxx,xxx,xxx,xxx,xxx,xxx,xxx,xxx,xxx,Yes
24,maven-core/src/main/java/org/apache/maven/plugin/DefaultBuildPluginManager.java,xxx,xxx,xxx,xxx,xxx,xxx,xxx,xxx,xxx,xxx,xxx,xxx,xxx,xxx,xxx,xxx,Yes
24,maven-core/src/main/java/org/apache/maven/plugin/MojoExecution.java,xxx,xxx,xxx,xxx,xxx,xxx,xxx,xxx,xxx,xxx,xxx,xxx,xxx,xxx,xxx,xxx,Yes
24,maven-core/src/main/java/org/apache/maven/plugin/PluginParameterExpressionEvaluator.java,xxx,xxx,xxx,xxx,xxx,xxx,xxx,xxx,xxx,xxx,xxx,xxx,xxx,xxx,xxx,xxx,Yes
24,maven-core/src/main/java/org/apache/maven/plugin/internal/DefaultMavenPluginManager.java,xxx,xxx,xxx,xxx,xxx,xxx,xxx,xxx,xxx,xxx,xxx,xxx,xxx,xxx,xxx,xxx,Yes
24,maven-core/src/main/java/org/apache/maven/plugin/prefix/DefaultPluginPrefixRequest.java,xxx,xxx,xxx,xxx,xxx,xxx,xxx,xxx,xxx,xxx,xxx,xxx,xxx,xxx,xxx,xxx,Yes
24,maven-core/src/main/java/org/apache/maven/plugin/version/DefaultPluginVersionRequest.java,xxx,xxx,xxx,xxx,xxx,xxx,xxx,xxx,xxx,xxx,xxx,xxx,xxx,xxx,xxx,xxx,Yes
24,maven-core/src/main/java/org/apache/maven/plugin/version/internal/DefaultPluginVersionResolver.java,xxx,xxx,xxx,xxx,xxx,xxx,xxx,xxx,xxx,xxx,xxx,xxx,xxx,xxx,xxx,xxx,Yes
24,maven-core/src/main/java/org/apache/maven/project/DefaultModelBuildingListener.java,xxx,xxx,xxx,xxx,xxx,xxx,xxx,xxx,xxx,xxx,xxx,xxx,xxx,xxx,xxx,xxx,Yes
24,maven-core/src/main/java/org/apache/maven/project/DefaultProjectBuilder.java,xxx,xxx,xxx,xxx,xxx,xxx,xxx,xxx,xxx,xxx,xxx,xxx,xxx,xxx,xxx,xxx,Yes
24,maven-core/src/main/java/org/apache/maven/project/DefaultProjectBuildingHelper.java,xxx,xxx,xxx,xxx,xxx,xxx,xxx,xxx,xxx,xxx,xxx,xxx,xxx,xxx,xxx,xxx,Yes
24,maven-core/src/main/java/org/apache/maven/project/DefaultProjectBuildingRequest.java,xxx,xxx,xxx,xxx,xxx,xxx,xxx,xxx,xxx,xxx,xxx,xxx,xxx,xxx,xxx,xxx,Yes
24,maven-core/src/main/java/org/apache/maven/project/MavenProject.java,xxx,xxx,xxx,xxx,xxx,xxx,xxx,xxx,xxx,xxx,xxx,xxx,xxx,xxx,xxx,xxx,Yes
24,maven-core/src/main/java/org/apache/maven/project/ProjectBuilder.java,xxx,xxx,xxx,xxx,xxx,xxx,xxx,xxx,xxx,xxx,xxx,xxx,xxx,xxx,xxx,xxx,Yes
24,maven-core/src/main/java/org/apache/maven/project/ProjectBuildingException.java,xxx,xxx,xxx,xxx,xxx,xxx,xxx,xxx,xxx,xxx,xxx,xxx,xxx,xxx,xxx,xxx,Yes
24,maven-core/src/main/java/org/apache/maven/project/ProjectBuildingRequest.java,xxx,xxx,xxx,xxx,xxx,xxx,xxx,xxx,xxx,xxx,xxx,xxx,xxx,xxx,xxx,xxx,Yes
24,maven-core/src/main/java/org/apache/maven/project/RepositoryModelResolver.java,xxx,xxx,xxx,xxx,xxx,xxx,xxx,xxx,xxx,xxx,xxx,xxx,xxx,xxx,xxx,xxx,Yes
24,maven-core/src/main/java/org/apache/maven/project/artifact/MavenMetadataSource.java,xxx,xxx,xxx,xxx,xxx,xxx,xxx,xxx,xxx,xxx,xxx,xxx,xxx,xxx,xxx,xxx,Yes
24,maven-core/src/main/java/org/apache/maven/repository/legacy/metadata/DefaultMetadataResolutionRequest.java,xxx,xxx,xxx,xxx,xxx,xxx,xxx,xxx,xxx,xxx,xxx,xxx,xxx,xxx,xxx,xxx,Yes
24,maven-core/src/main/java/org/apache/maven/repository/legacy/metadata/MetadataResolutionRequest.java,xxx,xxx,xxx,xxx,xxx,xxx,xxx,xxx,xxx,xxx,xxx,xxx,xxx,xxx,xxx,xxx,Yes
24,maven-embedder/src/main/java/org/apache/maven/cli/MavenCli.java,xxx,xxx,xxx,xxx,xxx,xxx,xxx,xxx,xxx,xxx,xxx,xxx,xxx,xxx,xxx,xxx,Yes
24,maven-model-builder/src/main/java/org/apache/maven/model/building/DefaultModelBuilder.java,xxx,xxx,xxx,xxx,xxx,xxx,xxx,xxx,xxx,xxx,xxx,xxx,xxx,xxx,xxx,xxx,Yes
24,maven-model-builder/src/main/java/org/apache/maven/model/building/DefaultModelProblemCollector.java,xxx,xxx,xxx,xxx,xxx,xxx,xxx,xxx,xxx,xxx,xxx,xxx,xxx,xxx,xxx,xxx,Yes
24,maven-model-builder/src/main/java/org/apache/maven/model/inheritance/DefaultInheritanceAssembler.java,xxx,xxx,xxx,xxx,xxx,xxx,xxx,xxx,xxx,xxx,xxx,xxx,xxx,xxx,xxx,xxx,Yes
24,maven-model-builder/src/main/java/org/apache/maven/model/interpolation/AbstractStringBasedModelInterpolator.java,xxx,xxx,xxx,xxx,xxx,xxx,xxx,xxx,xxx,xxx,xxx,xxx,xxx,xxx,xxx,xxx,Yes
24,maven-model-builder/src/main/java/org/apache/maven/model/interpolation/ProblemDetectingValueSource.java,xxx,xxx,xxx,xxx,xxx,xxx,xxx,xxx,xxx,xxx,xxx,xxx,xxx,xxx,xxx,xxx,Yes
24,maven-model-builder/src/main/java/org/apache/maven/model/interpolation/StringSearchModelInterpolator.java,xxx,xxx,xxx,xxx,xxx,xxx,xxx,xxx,xxx,xxx,xxx,xxx,xxx,xxx,xxx,xxx,Yes
24,maven-model-builder/src/main/java/org/apache/maven/model/management/DefaultPluginManagementInjector.java,xxx,xxx,xxx,xxx,xxx,xxx,xxx,xxx,xxx,xxx,xxx,xxx,xxx,xxx,xxx,xxx,Yes
24,maven-model-builder/src/main/java/org/apache/maven/model/management/DependencyManagementInjector.java,xxx,xxx,xxx,xxx,xxx,xxx,xxx,xxx,xxx,xxx,xxx,xxx,xxx,xxx,xxx,xxx,Yes
24,maven-model-builder/src/main/java/org/apache/maven/model/management/PluginManagementInjector.java,xxx,xxx,xxx,xxx,xxx,xxx,xxx,xxx,xxx,xxx,xxx,xxx,xxx,xxx,xxx,xxx,Yes
24,maven-model-builder/src/main/java/org/apache/maven/model/normalization/DefaultModelNormalizer.java,xxx,xxx,xxx,xxx,xxx,xxx,xxx,xxx,xxx,xxx,xxx,xxx,xxx,xxx,xxx,xxx,Yes
24,maven-model-builder/src/main/java/org/apache/maven/model/plugin/DefaultReportingConverter.java,xxx,xxx,xxx,xxx,xxx,xxx,xxx,xxx,xxx,xxx,xxx,xxx,xxx,xxx,xxx,xxx,Yes
24,maven-model-builder/src/main/java/org/apache/maven/model/plugin/LifecycleBindingsInjector.java,xxx,xxx,xxx,xxx,xxx,xxx,xxx,xxx,xxx,xxx,xxx,xxx,xxx,xxx,xxx,xxx,Yes
24,maven-model-builder/src/main/java/org/apache/maven/model/profile/DefaultProfileSelector.java,xxx,xxx,xxx,xxx,xxx,xxx,xxx,xxx,xxx,xxx,xxx,xxx,xxx,xxx,xxx,xxx,Yes
24,maven-model-builder/src/main/java/org/apache/maven/model/profile/activation/FileProfileActivator.java,xxx,xxx,xxx,xxx,xxx,xxx,xxx,xxx,xxx,xxx,xxx,xxx,xxx,xxx,xxx,xxx,Yes
24,maven-model-builder/src/main/java/org/apache/maven/model/profile/activation/JdkVersionProfileActivator.java,xxx,xxx,xxx,xxx,xxx,xxx,xxx,xxx,xxx,xxx,xxx,xxx,xxx,xxx,xxx,xxx,Yes
24,maven-model-builder/src/main/java/org/apache/maven/model/profile/activation/PropertyProfileActivator.java,xxx,xxx,xxx,xxx,xxx,xxx,xxx,xxx,xxx,xxx,xxx,xxx,xxx,xxx,xxx,xxx,Yes
24,maven-model-builder/src/main/java/org/apache/maven/model/validation/DefaultModelValidator.java,xxx,xxx,xxx,xxx,xxx,xxx,xxx,xxx,xxx,xxx,xxx,xxx,xxx,xxx,xxx,xxx,Yes
25,maven-compat/src/main/java/org/apache/maven/artifact/deployer/DefaultArtifactDeployer.java,xxx,xxx,xxx,xxx,xxx,xxx,xxx,xxx,xxx,xxx,xxx,xxx,xxx,xxx,xxx,xxx,Yes
25,maven-compat/src/main/java/org/apache/maven/artifact/repository/DefaultArtifactRepositoryFactory.java,xxx,xxx,xxx,xxx,xxx,xxx,xxx,xxx,xxx,xxx,xxx,xxx,xxx,xxx,xxx,xxx,Yes
25,maven-compat/src/main/java/org/apache/maven/artifact/repository/metadata/DefaultRepositoryMetadataManager.java,xxx,xxx,xxx,xxx,xxx,xxx,xxx,xxx,xxx,xxx,xxx,xxx,xxx,xxx,xxx,xxx,Yes
25,maven-compat/src/main/java/org/apache/maven/artifact/resolver/DefaultArtifactResolver.java,xxx,xxx,xxx,xxx,xxx,xxx,xxx,xxx,xxx,xxx,xxx,xxx,xxx,xxx,xxx,xxx,Yes
25,maven-compat/src/main/java/org/apache/maven/profiles/DefaultProfileManager.java,xxx,xxx,xxx,xxx,xxx,xxx,xxx,xxx,xxx,xxx,xxx,xxx,xxx,xxx,xxx,xxx,Yes
25,maven-compat/src/main/java/org/apache/maven/project/DefaultMavenProjectBuilder.java,xxx,xxx,xxx,xxx,xxx,xxx,xxx,xxx,xxx,xxx,xxx,xxx,xxx,xxx,xxx,xxx,Yes
25,maven-compat/src/main/java/org/apache/maven/project/validation/DefaultModelValidator.java,xxx,xxx,xxx,xxx,xxx,xxx,xxx,xxx,xxx,xxx,xxx,xxx,xxx,xxx,xxx,xxx,Yes
25,maven-compat/src/main/java/org/apache/maven/repository/UserLocalArtifactRepository.java,xxx,xxx,xxx,xxx,xxx,xxx,xxx,xxx,xxx,xxx,xxx,xxx,xxx,xxx,xxx,xxx,Yes
25,maven-compat/src/main/java/org/apache/maven/repository/legacy/DefaultUpdateCheckManager.java,xxx,xxx,xxx,xxx,xxx,xxx,xxx,xxx,xxx,xxx,xxx,xxx,xxx,xxx,xxx,xxx,Yes
25,maven-compat/src/main/java/org/apache/maven/repository/legacy/DefaultWagonManager.java,xxx,xxx,xxx,xxx,xxx,xxx,xxx,xxx,xxx,xxx,xxx,xxx,xxx,xxx,xxx,xxx,Yes
25,maven-compat/src/main/java/org/apache/maven/repository/legacy/LegacyRepositorySystem.java,xxx,xxx,xxx,xxx,xxx,xxx,xxx,xxx,xxx,xxx,xxx,xxx,xxx,xxx,xxx,xxx,Yes
25,maven-compat/src/main/java/org/apache/maven/repository/legacy/resolver/DefaultLegacyArtifactCollector.java,xxx,xxx,xxx,xxx,xxx,xxx,xxx,xxx,xxx,xxx,xxx,xxx,xxx,xxx,xxx,xxx,Yes
25,maven-compat/src/main/java/org/apache/maven/repository/legacy/resolver/LegacyArtifactCollector.java,xxx,xxx,xxx,xxx,xxx,xxx,xxx,xxx,xxx,xxx,xxx,xxx,xxx,xxx,xxx,xxx,Yes
25,maven-core/src/main/java/org/apache/maven/DefaultArtifactFilterManager.java,xxx,xxx,xxx,xxx,xxx,xxx,xxx,xxx,xxx,xxx,xxx,xxx,xxx,xxx,xxx,xxx,Yes
25,maven-core/src/main/java/org/apache/maven/DefaultMaven.java,xxx,xxx,xxx,xxx,xxx,xxx,xxx,xxx,xxx,xxx,xxx,xxx,xxx,xxx,xxx,xxx,Yes
25,maven-core/src/main/java/org/apache/maven/DefaultProjectDependenciesResolver.java,xxx,xxx,xxx,xxx,xxx,xxx,xxx,xxx,xxx,xxx,xxx,xxx,xxx,xxx,xxx,xxx,Yes
25,maven-core/src/main/java/org/apache/maven/ReactorArtifactRepository.java,xxx,xxx,xxx,xxx,xxx,xxx,xxx,xxx,xxx,xxx,xxx,xxx,xxx,xxx,xxx,xxx,Yes
25,maven-core/src/main/java/org/apache/maven/artifact/resolver/ArtifactResolutionRequest.java,xxx,xxx,xxx,xxx,xxx,xxx,xxx,xxx,xxx,xxx,xxx,xxx,xxx,xxx,xxx,xxx,Yes
25,maven-core/src/main/java/org/apache/maven/classrealm/DefaultClassRealmManager.java,xxx,xxx,xxx,xxx,xxx,xxx,xxx,xxx,xxx,xxx,xxx,xxx,xxx,xxx,xxx,xxx,Yes
25,maven-core/src/main/java/org/apache/maven/exception/DefaultExceptionHandler.java,xxx,xxx,xxx,xxx,xxx,xxx,xxx,xxx,xxx,xxx,xxx,xxx,xxx,xxx,xxx,xxx,Yes
25,maven-core/src/main/java/org/apache/maven/execution/DefaultMavenExecutionRequest.java,xxx,xxx,xxx,xxx,xxx,xxx,xxx,xxx,xxx,xxx,xxx,xxx,xxx,xxx,xxx,xxx,Yes
25,maven-core/src/main/java/org/apache/maven/execution/MavenExecutionRequest.java,xxx,xxx,xxx,xxx,xxx,xxx,xxx,xxx,xxx,xxx,xxx,xxx,xxx,xxx,xxx,xxx,Yes
25,maven-core/src/main/java/org/apache/maven/execution/SettingsAdapter.java,xxx,xxx,xxx,xxx,xxx,xxx,xxx,xxx,xxx,xxx,xxx,xxx,xxx,xxx,xxx,xxx,Yes
25,maven-core/src/main/java/org/apache/maven/lifecycle/DefaultLifecycleExecutor.java,xxx,xxx,xxx,xxx,xxx,xxx,xxx,xxx,xxx,xxx,xxx,xxx,xxx,xxx,xxx,xxx,Yes
25,maven-core/src/main/java/org/apache/maven/lifecycle/LifecycleExecutor.java,xxx,xxx,xxx,xxx,xxx,xxx,xxx,xxx,xxx,xxx,xxx,xxx,xxx,xxx,xxx,xxx,Yes
25,maven-core/src/main/java/org/apache/maven/lifecycle/mapping/DefaultLifecycleMapping.java,xxx,xxx,xxx,xxx,xxx,xxx,xxx,xxx,xxx,xxx,xxx,xxx,xxx,xxx,xxx,xxx,Yes
25,maven-core/src/main/java/org/apache/maven/lifecycle/mapping/Lifecycle.java,xxx,xxx,xxx,xxx,xxx,xxx,xxx,xxx,xxx,xxx,xxx,xxx,xxx,xxx,xxx,xxx,Yes
25,maven-core/src/main/java/org/apache/maven/lifecycle/mapping/LifecycleMapping.java,xxx,xxx,xxx,xxx,xxx,xxx,xxx,xxx,xxx,xxx,xxx,xxx,xxx,xxx,xxx,xxx,Yes
25,maven-core/src/main/java/org/apache/maven/model/plugin/DefaultLifecycleBindingsInjector.java,xxx,xxx,xxx,xxx,xxx,xxx,xxx,xxx,xxx,xxx,xxx,xxx,xxx,xxx,xxx,xxx,Yes
25,maven-core/src/main/java/org/apache/maven/plugin/DefaultBuildPluginManager.java,xxx,xxx,xxx,xxx,xxx,xxx,xxx,xxx,xxx,xxx,xxx,xxx,xxx,xxx,xxx,xxx,Yes
25,maven-core/src/main/java/org/apache/maven/plugin/DefaultExtensionRealmCache.java,xxx,xxx,xxx,xxx,xxx,xxx,xxx,xxx,xxx,xxx,xxx,xxx,xxx,xxx,xxx,xxx,Yes
25,maven-core/src/main/java/org/apache/maven/plugin/DefaultPluginDescriptorCache.java,xxx,xxx,xxx,xxx,xxx,xxx,xxx,xxx,xxx,xxx,xxx,xxx,xxx,xxx,xxx,xxx,Yes
25,maven-core/src/main/java/org/apache/maven/plugin/MojoExecution.java,xxx,xxx,xxx,xxx,xxx,xxx,xxx,xxx,xxx,xxx,xxx,xxx,xxx,xxx,xxx,xxx,Yes
25,maven-core/src/main/java/org/apache/maven/plugin/PluginParameterExpressionEvaluator.java,xxx,xxx,xxx,xxx,xxx,xxx,xxx,xxx,xxx,xxx,xxx,xxx,xxx,xxx,xxx,xxx,Yes
25,maven-core/src/main/java/org/apache/maven/plugin/internal/DefaultMavenPluginManager.java,xxx,xxx,xxx,xxx,xxx,xxx,xxx,xxx,xxx,xxx,xxx,xxx,xxx,xxx,xxx,xxx,Yes
25,maven-core/src/main/java/org/apache/maven/plugin/internal/DefaultPluginManager.java,xxx,xxx,xxx,xxx,xxx,xxx,xxx,xxx,xxx,xxx,xxx,xxx,xxx,xxx,xxx,xxx,Yes
25,maven-core/src/main/java/org/apache/maven/plugin/prefix/DefaultPluginPrefixRequest.java,xxx,xxx,xxx,xxx,xxx,xxx,xxx,xxx,xxx,xxx,xxx,xxx,xxx,xxx,xxx,xxx,Yes
25,maven-core/src/main/java/org/apache/maven/plugin/version/DefaultPluginVersionRequest.java,xxx,xxx,xxx,xxx,xxx,xxx,xxx,xxx,xxx,xxx,xxx,xxx,xxx,xxx,xxx,xxx,Yes
25,maven-core/src/main/java/org/apache/maven/plugin/version/internal/DefaultPluginVersionResolver.java,xxx,xxx,xxx,xxx,xxx,xxx,xxx,xxx,xxx,xxx,xxx,xxx,xxx,xxx,xxx,xxx,Yes
25,maven-core/src/main/java/org/apache/maven/project/DefaultModelBuildingListener.java,xxx,xxx,xxx,xxx,xxx,xxx,xxx,xxx,xxx,xxx,xxx,xxx,xxx,xxx,xxx,xxx,Yes
25,maven-core/src/main/java/org/apache/maven/project/DefaultProjectBuilder.java,xxx,xxx,xxx,xxx,xxx,xxx,xxx,xxx,xxx,xxx,xxx,xxx,xxx,xxx,xxx,xxx,Yes
25,maven-core/src/main/java/org/apache/maven/project/DefaultProjectBuildingHelper.java,xxx,xxx,xxx,xxx,xxx,xxx,xxx,xxx,xxx,xxx,xxx,xxx,xxx,xxx,xxx,xxx,Yes
25,maven-core/src/main/java/org/apache/maven/project/DefaultProjectBuildingRequest.java,xxx,xxx,xxx,xxx,xxx,xxx,xxx,xxx,xxx,xxx,xxx,xxx,xxx,xxx,xxx,xxx,Yes
25,maven-core/src/main/java/org/apache/maven/project/MavenProject.java,xxx,xxx,xxx,xxx,xxx,xxx,xxx,xxx,xxx,xxx,xxx,xxx,xxx,xxx,xxx,xxx,Yes
25,maven-core/src/main/java/org/apache/maven/project/ProjectBuilder.java,xxx,xxx,xxx,xxx,xxx,xxx,xxx,xxx,xxx,xxx,xxx,xxx,xxx,xxx,xxx,xxx,Yes
25,maven-core/src/main/java/org/apache/maven/project/ProjectBuildingException.java,xxx,xxx,xxx,xxx,xxx,xxx,xxx,xxx,xxx,xxx,xxx,xxx,xxx,xxx,xxx,xxx,Yes
25,maven-core/src/main/java/org/apache/maven/project/ProjectBuildingHelper.java,xxx,xxx,xxx,xxx,xxx,xxx,xxx,xxx,xxx,xxx,xxx,xxx,xxx,xxx,xxx,xxx,Yes
25,maven-core/src/main/java/org/apache/maven/project/ProjectBuildingRequest.java,xxx,xxx,xxx,xxx,xxx,xxx,xxx,xxx,xxx,xxx,xxx,xxx,xxx,xxx,xxx,xxx,Yes
25,maven-core/src/main/java/org/apache/maven/project/RepositoryModelResolver.java,xxx,xxx,xxx,xxx,xxx,xxx,xxx,xxx,xxx,xxx,xxx,xxx,xxx,xxx,xxx,xxx,Yes
25,maven-core/src/main/java/org/apache/maven/project/artifact/MavenMetadataSource.java,xxx,xxx,xxx,xxx,xxx,xxx,xxx,xxx,xxx,xxx,xxx,xxx,xxx,xxx,xxx,xxx,Yes
25,maven-core/src/main/java/org/apache/maven/repository/legacy/metadata/DefaultMetadataResolutionRequest.java,xxx,xxx,xxx,xxx,xxx,xxx,xxx,xxx,xxx,xxx,xxx,xxx,xxx,xxx,xxx,xxx,Yes
25,maven-core/src/main/java/org/apache/maven/repository/legacy/metadata/MetadataResolutionRequest.java,xxx,xxx,xxx,xxx,xxx,xxx,xxx,xxx,xxx,xxx,xxx,xxx,xxx,xxx,xxx,xxx,Yes
25,maven-embedder/src/main/java/org/apache/maven/cli/MavenCli.java,xxx,xxx,xxx,xxx,xxx,xxx,xxx,xxx,xxx,xxx,xxx,xxx,xxx,xxx,xxx,xxx,Yes
25,maven-model-builder/src/main/java/org/apache/maven/model/building/DefaultModelBuilder.java,xxx,xxx,xxx,xxx,xxx,xxx,xxx,xxx,xxx,xxx,xxx,xxx,xxx,xxx,xxx,xxx,Yes
25,maven-model-builder/src/main/java/org/apache/maven/model/building/DefaultModelProblemCollector.java,xxx,xxx,xxx,xxx,xxx,xxx,xxx,xxx,xxx,xxx,xxx,xxx,xxx,xxx,xxx,xxx,Yes
25,maven-model-builder/src/main/java/org/apache/maven/model/inheritance/DefaultInheritanceAssembler.java,xxx,xxx,xxx,xxx,xxx,xxx,xxx,xxx,xxx,xxx,xxx,xxx,xxx,xxx,xxx,xxx,Yes
25,maven-model-builder/src/main/java/org/apache/maven/model/interpolation/AbstractStringBasedModelInterpolator.java,xxx,xxx,xxx,xxx,xxx,xxx,xxx,xxx,xxx,xxx,xxx,xxx,xxx,xxx,xxx,xxx,Yes
25,maven-model-builder/src/main/java/org/apache/maven/model/interpolation/ProblemDetectingValueSource.java,xxx,xxx,xxx,xxx,xxx,xxx,xxx,xxx,xxx,xxx,xxx,xxx,xxx,xxx,xxx,xxx,Yes
25,maven-model-builder/src/main/java/org/apache/maven/model/interpolation/StringSearchModelInterpolator.java,xxx,xxx,xxx,xxx,xxx,xxx,xxx,xxx,xxx,xxx,xxx,xxx,xxx,xxx,xxx,xxx,Yes
25,maven-model-builder/src/main/java/org/apache/maven/model/management/DefaultPluginManagementInjector.java,xxx,xxx,xxx,xxx,xxx,xxx,xxx,xxx,xxx,xxx,xxx,xxx,xxx,xxx,xxx,xxx,Yes
25,maven-model-builder/src/main/java/org/apache/maven/model/management/DependencyManagementInjector.java,xxx,xxx,xxx,xxx,xxx,xxx,xxx,xxx,xxx,xxx,xxx,xxx,xxx,xxx,xxx,xxx,Yes
25,maven-model-builder/src/main/java/org/apache/maven/model/management/PluginManagementInjector.java,xxx,xxx,xxx,xxx,xxx,xxx,xxx,xxx,xxx,xxx,xxx,xxx,xxx,xxx,xxx,xxx,Yes
25,maven-model-builder/src/main/java/org/apache/maven/model/normalization/DefaultModelNormalizer.java,xxx,xxx,xxx,xxx,xxx,xxx,xxx,xxx,xxx,xxx,xxx,xxx,xxx,xxx,xxx,xxx,Yes
25,maven-model-builder/src/main/java/org/apache/maven/model/plugin/DefaultReportingConverter.java,xxx,xxx,xxx,xxx,xxx,xxx,xxx,xxx,xxx,xxx,xxx,xxx,xxx,xxx,xxx,xxx,Yes
25,maven-model-builder/src/main/java/org/apache/maven/model/plugin/LifecycleBindingsInjector.java,xxx,xxx,xxx,xxx,xxx,xxx,xxx,xxx,xxx,xxx,xxx,xxx,xxx,xxx,xxx,xxx,Yes
25,maven-model-builder/src/main/java/org/apache/maven/model/profile/DefaultProfileSelector.java,xxx,xxx,xxx,xxx,xxx,xxx,xxx,xxx,xxx,xxx,xxx,xxx,xxx,xxx,xxx,xxx,Yes
25,maven-model-builder/src/main/java/org/apache/maven/model/profile/activation/FileProfileActivator.java,xxx,xxx,xxx,xxx,xxx,xxx,xxx,xxx,xxx,xxx,xxx,xxx,xxx,xxx,xxx,xxx,Yes
25,maven-model-builder/src/main/java/org/apache/maven/model/profile/activation/JdkVersionProfileActivator.java,xxx,xxx,xxx,xxx,xxx,xxx,xxx,xxx,xxx,xxx,xxx,xxx,xxx,xxx,xxx,xxx,Yes
25,maven-model-builder/src/main/java/org/apache/maven/model/profile/activation/PropertyProfileActivator.java,xxx,xxx,xxx,xxx,xxx,xxx,xxx,xxx,xxx,xxx,xxx,xxx,xxx,xxx,xxx,xxx,Yes
25,maven-model-builder/src/main/java/org/apache/maven/model/validation/DefaultModelValidator.java,xxx,xxx,xxx,xxx,xxx,xxx,xxx,xxx,xxx,xxx,xxx,xxx,xxx,xxx,xxx,xxx,Yes
26,maven-artifact/src/main/java/org/apache/maven/artifact/versioning/ComparableVersion.java,xxx,xxx,xxx,xxx,xxx,xxx,xxx,xxx,xxx,xxx,xxx,xxx,xxx,xxx,xxx,xxx,Yes
26,maven-compat/src/main/java/org/apache/maven/artifact/deployer/DefaultArtifactDeployer.java,xxx,xxx,xxx,xxx,xxx,xxx,xxx,xxx,xxx,xxx,xxx,xxx,xxx,xxx,xxx,xxx,Yes
26,maven-compat/src/main/java/org/apache/maven/artifact/manager/DefaultWagonManager.java,xxx,xxx,xxx,xxx,xxx,xxx,xxx,xxx,xxx,xxx,xxx,xxx,xxx,xxx,xxx,xxx,Yes
26,maven-compat/src/main/java/org/apache/maven/artifact/repository/DefaultArtifactRepositoryFactory.java,xxx,xxx,xxx,xxx,xxx,xxx,xxx,xxx,xxx,xxx,xxx,xxx,xxx,xxx,xxx,xxx,Yes
26,maven-compat/src/main/java/org/apache/maven/artifact/repository/metadata/DefaultRepositoryMetadataManager.java,xxx,xxx,xxx,xxx,xxx,xxx,xxx,xxx,xxx,xxx,xxx,xxx,xxx,xxx,xxx,xxx,Yes
26,maven-compat/src/main/java/org/apache/maven/artifact/resolver/DefaultArtifactResolver.java,xxx,xxx,xxx,xxx,xxx,xxx,xxx,xxx,xxx,xxx,xxx,xxx,xxx,xxx,xxx,xxx,Yes
26,maven-compat/src/main/java/org/apache/maven/profiles/DefaultProfileManager.java,xxx,xxx,xxx,xxx,xxx,xxx,xxx,xxx,xxx,xxx,xxx,xxx,xxx,xxx,xxx,xxx,Yes
26,maven-compat/src/main/java/org/apache/maven/project/DefaultMavenProjectBuilder.java,xxx,xxx,xxx,xxx,xxx,xxx,xxx,xxx,xxx,xxx,xxx,xxx,xxx,xxx,xxx,xxx,Yes
26,maven-compat/src/main/java/org/apache/maven/project/validation/DefaultModelValidator.java,xxx,xxx,xxx,xxx,xxx,xxx,xxx,xxx,xxx,xxx,xxx,xxx,xxx,xxx,xxx,xxx,Yes
26,maven-compat/src/main/java/org/apache/maven/repository/UserLocalArtifactRepository.java,xxx,xxx,xxx,xxx,xxx,xxx,xxx,xxx,xxx,xxx,xxx,xxx,xxx,xxx,xxx,xxx,Yes
26,maven-compat/src/main/java/org/apache/maven/repository/legacy/DefaultUpdateCheckManager.java,xxx,xxx,xxx,xxx,xxx,xxx,xxx,xxx,xxx,xxx,xxx,xxx,xxx,xxx,xxx,xxx,Yes
26,maven-compat/src/main/java/org/apache/maven/repository/legacy/DefaultWagonManager.java,xxx,xxx,xxx,xxx,xxx,xxx,xxx,xxx,xxx,xxx,xxx,xxx,xxx,xxx,xxx,xxx,Yes
26,maven-compat/src/main/java/org/apache/maven/repository/legacy/LegacyRepositorySystem.java,xxx,xxx,xxx,xxx,xxx,xxx,xxx,xxx,xxx,xxx,xxx,xxx,xxx,xxx,xxx,xxx,Yes
26,maven-compat/src/main/java/org/apache/maven/repository/legacy/resolver/DefaultLegacyArtifactCollector.java,xxx,xxx,xxx,xxx,xxx,xxx,xxx,xxx,xxx,xxx,xxx,xxx,xxx,xxx,xxx,xxx,Yes
26,maven-compat/src/main/java/org/apache/maven/repository/legacy/resolver/LegacyArtifactCollector.java,xxx,xxx,xxx,xxx,xxx,xxx,xxx,xxx,xxx,xxx,xxx,xxx,xxx,xxx,xxx,xxx,Yes
26,maven-core/src/main/java/org/apache/maven/DefaultArtifactFilterManager.java,xxx,xxx,xxx,xxx,xxx,xxx,xxx,xxx,xxx,xxx,xxx,xxx,xxx,xxx,xxx,xxx,Yes
26,maven-core/src/main/java/org/apache/maven/DefaultMaven.java,xxx,xxx,xxx,xxx,xxx,xxx,xxx,xxx,xxx,xxx,xxx,xxx,xxx,xxx,xxx,xxx,Yes
26,maven-core/src/main/java/org/apache/maven/DefaultProjectDependenciesResolver.java,xxx,xxx,xxx,xxx,xxx,xxx,xxx,xxx,xxx,xxx,xxx,xxx,xxx,xxx,xxx,xxx,Yes
26,maven-core/src/main/java/org/apache/maven/ReactorArtifactRepository.java,xxx,xxx,xxx,xxx,xxx,xxx,xxx,xxx,xxx,xxx,xxx,xxx,xxx,xxx,xxx,xxx,Yes
26,maven-core/src/main/java/org/apache/maven/artifact/resolver/ArtifactResolutionRequest.java,xxx,xxx,xxx,xxx,xxx,xxx,xxx,xxx,xxx,xxx,xxx,xxx,xxx,xxx,xxx,xxx,Yes
26,maven-core/src/main/java/org/apache/maven/artifact/resolver/filter/ExclusionSetFilter.java,xxx,xxx,xxx,xxx,xxx,xxx,xxx,xxx,xxx,xxx,xxx,xxx,xxx,xxx,xxx,xxx,Yes
26,maven-core/src/main/java/org/apache/maven/classrealm/DefaultClassRealmManager.java,xxx,xxx,xxx,xxx,xxx,xxx,xxx,xxx,xxx,xxx,xxx,xxx,xxx,xxx,xxx,xxx,Yes
26,maven-core/src/main/java/org/apache/maven/exception/DefaultExceptionHandler.java,xxx,xxx,xxx,xxx,xxx,xxx,xxx,xxx,xxx,xxx,xxx,xxx,xxx,xxx,xxx,xxx,Yes
26,maven-core/src/main/java/org/apache/maven/execution/DefaultMavenExecutionRequest.java,xxx,xxx,xxx,xxx,xxx,xxx,xxx,xxx,xxx,xxx,xxx,xxx,xxx,xxx,xxx,xxx,Yes
26,maven-core/src/main/java/org/apache/maven/execution/MavenExecutionRequest.java,xxx,xxx,xxx,xxx,xxx,xxx,xxx,xxx,xxx,xxx,xxx,xxx,xxx,xxx,xxx,xxx,Yes
26,maven-core/src/main/java/org/apache/maven/execution/SettingsAdapter.java,xxx,xxx,xxx,xxx,xxx,xxx,xxx,xxx,xxx,xxx,xxx,xxx,xxx,xxx,xxx,xxx,Yes
26,maven-core/src/main/java/org/apache/maven/lifecycle/DefaultLifecycleExecutor.java,xxx,xxx,xxx,xxx,xxx,xxx,xxx,xxx,xxx,xxx,xxx,xxx,xxx,xxx,xxx,xxx,Yes
26,maven-core/src/main/java/org/apache/maven/lifecycle/LifecycleExecutor.java,xxx,xxx,xxx,xxx,xxx,xxx,xxx,xxx,xxx,xxx,xxx,xxx,xxx,xxx,xxx,xxx,Yes
26,maven-core/src/main/java/org/apache/maven/lifecycle/mapping/DefaultLifecycleMapping.java,xxx,xxx,xxx,xxx,xxx,xxx,xxx,xxx,xxx,xxx,xxx,xxx,xxx,xxx,xxx,xxx,Yes
26,maven-core/src/main/java/org/apache/maven/lifecycle/mapping/Lifecycle.java,xxx,xxx,xxx,xxx,xxx,xxx,xxx,xxx,xxx,xxx,xxx,xxx,xxx,xxx,xxx,xxx,Yes
26,maven-core/src/main/java/org/apache/maven/lifecycle/mapping/LifecycleMapping.java,xxx,xxx,xxx,xxx,xxx,xxx,xxx,xxx,xxx,xxx,xxx,xxx,xxx,xxx,xxx,xxx,Yes
26,maven-core/src/main/java/org/apache/maven/model/plugin/DefaultLifecycleBindingsInjector.java,xxx,xxx,xxx,xxx,xxx,xxx,xxx,xxx,xxx,xxx,xxx,xxx,xxx,xxx,xxx,xxx,Yes
26,maven-core/src/main/java/org/apache/maven/plugin/DefaultBuildPluginManager.java,xxx,xxx,xxx,xxx,xxx,xxx,xxx,xxx,xxx,xxx,xxx,xxx,xxx,xxx,xxx,xxx,Yes
26,maven-core/src/main/java/org/apache/maven/plugin/DefaultExtensionRealmCache.java,xxx,xxx,xxx,xxx,xxx,xxx,xxx,xxx,xxx,xxx,xxx,xxx,xxx,xxx,xxx,xxx,Yes
26,maven-core/src/main/java/org/apache/maven/plugin/DefaultPluginDescriptorCache.java,xxx,xxx,xxx,xxx,xxx,xxx,xxx,xxx,xxx,xxx,xxx,xxx,xxx,xxx,xxx,xxx,Yes
26,maven-core/src/main/java/org/apache/maven/plugin/MojoExecution.java,xxx,xxx,xxx,xxx,xxx,xxx,xxx,xxx,xxx,xxx,xxx,xxx,xxx,xxx,xxx,xxx,Yes
26,maven-core/src/main/java/org/apache/maven/plugin/PluginParameterExpressionEvaluator.java,xxx,xxx,xxx,xxx,xxx,xxx,xxx,xxx,xxx,xxx,xxx,xxx,xxx,xxx,xxx,xxx,Yes
26,maven-core/src/main/java/org/apache/maven/plugin/internal/DefaultMavenPluginManager.java,xxx,xxx,xxx,xxx,xxx,xxx,xxx,xxx,xxx,xxx,xxx,xxx,xxx,xxx,xxx,xxx,Yes
26,maven-core/src/main/java/org/apache/maven/plugin/internal/DefaultPluginManager.java,xxx,xxx,xxx,xxx,xxx,xxx,xxx,xxx,xxx,xxx,xxx,xxx,xxx,xxx,xxx,xxx,Yes
26,maven-core/src/main/java/org/apache/maven/plugin/prefix/DefaultPluginPrefixRequest.java,xxx,xxx,xxx,xxx,xxx,xxx,xxx,xxx,xxx,xxx,xxx,xxx,xxx,xxx,xxx,xxx,Yes
26,maven-core/src/main/java/org/apache/maven/plugin/prefix/internal/DefaultPluginPrefixResolver.java,xxx,xxx,xxx,xxx,xxx,xxx,xxx,xxx,xxx,xxx,xxx,xxx,xxx,xxx,xxx,xxx,Yes
26,maven-core/src/main/java/org/apache/maven/plugin/version/DefaultPluginVersionRequest.java,xxx,xxx,xxx,xxx,xxx,xxx,xxx,xxx,xxx,xxx,xxx,xxx,xxx,xxx,xxx,xxx,Yes
26,maven-core/src/main/java/org/apache/maven/plugin/version/internal/DefaultPluginVersionResolver.java,xxx,xxx,xxx,xxx,xxx,xxx,xxx,xxx,xxx,xxx,xxx,xxx,xxx,xxx,xxx,xxx,Yes
26,maven-core/src/main/java/org/apache/maven/project/DefaultModelBuildingListener.java,xxx,xxx,xxx,xxx,xxx,xxx,xxx,xxx,xxx,xxx,xxx,xxx,xxx,xxx,xxx,xxx,Yes
26,maven-core/src/main/java/org/apache/maven/project/DefaultProjectBuilder.java,xxx,xxx,xxx,xxx,xxx,xxx,xxx,xxx,xxx,xxx,xxx,xxx,xxx,xxx,xxx,xxx,Yes
26,maven-core/src/main/java/org/apache/maven/project/DefaultProjectBuildingHelper.java,xxx,xxx,xxx,xxx,xxx,xxx,xxx,xxx,xxx,xxx,xxx,xxx,xxx,xxx,xxx,xxx,Yes
26,maven-core/src/main/java/org/apache/maven/project/DefaultProjectBuildingRequest.java,xxx,xxx,xxx,xxx,xxx,xxx,xxx,xxx,xxx,xxx,xxx,xxx,xxx,xxx,xxx,xxx,Yes
26,maven-core/src/main/java/org/apache/maven/project/MavenProject.java,xxx,xxx,xxx,xxx,xxx,xxx,xxx,xxx,xxx,xxx,xxx,xxx,xxx,xxx,xxx,xxx,Yes
26,maven-core/src/main/java/org/apache/maven/project/ProjectBuilder.java,xxx,xxx,xxx,xxx,xxx,xxx,xxx,xxx,xxx,xxx,xxx,xxx,xxx,xxx,xxx,xxx,Yes
26,maven-core/src/main/java/org/apache/maven/project/ProjectBuildingException.java,xxx,xxx,xxx,xxx,xxx,xxx,xxx,xxx,xxx,xxx,xxx,xxx,xxx,xxx,xxx,xxx,Yes
26,maven-core/src/main/java/org/apache/maven/project/ProjectBuildingHelper.java,xxx,xxx,xxx,xxx,xxx,xxx,xxx,xxx,xxx,xxx,xxx,xxx,xxx,xxx,xxx,xxx,Yes
26,maven-core/src/main/java/org/apache/maven/project/ProjectBuildingRequest.java,xxx,xxx,xxx,xxx,xxx,xxx,xxx,xxx,xxx,xxx,xxx,xxx,xxx,xxx,xxx,xxx,Yes
26,maven-core/src/main/java/org/apache/maven/project/RepositoryModelResolver.java,xxx,xxx,xxx,xxx,xxx,xxx,xxx,xxx,xxx,xxx,xxx,xxx,xxx,xxx,xxx,xxx,Yes
26,maven-core/src/main/java/org/apache/maven/project/artifact/MavenMetadataSource.java,xxx,xxx,xxx,xxx,xxx,xxx,xxx,xxx,xxx,xxx,xxx,xxx,xxx,xxx,xxx,xxx,Yes
26,maven-core/src/main/java/org/apache/maven/repository/legacy/metadata/DefaultMetadataResolutionRequest.java,xxx,xxx,xxx,xxx,xxx,xxx,xxx,xxx,xxx,xxx,xxx,xxx,xxx,xxx,xxx,xxx,Yes
26,maven-core/src/main/java/org/apache/maven/repository/legacy/metadata/MetadataResolutionRequest.java,xxx,xxx,xxx,xxx,xxx,xxx,xxx,xxx,xxx,xxx,xxx,xxx,xxx,xxx,xxx,xxx,Yes
26,maven-embedder/src/main/java/org/apache/maven/cli/MavenCli.java,xxx,xxx,xxx,xxx,xxx,xxx,xxx,xxx,xxx,xxx,xxx,xxx,xxx,xxx,xxx,xxx,Yes
26,maven-model-builder/src/main/java/org/apache/maven/model/building/DefaultModelBuilder.java,xxx,xxx,xxx,xxx,xxx,xxx,xxx,xxx,xxx,xxx,xxx,xxx,xxx,xxx,xxx,xxx,Yes
26,maven-model-builder/src/main/java/org/apache/maven/model/building/DefaultModelProblemCollector.java,xxx,xxx,xxx,xxx,xxx,xxx,xxx,xxx,xxx,xxx,xxx,xxx,xxx,xxx,xxx,xxx,Yes
26,maven-model-builder/src/main/java/org/apache/maven/model/inheritance/DefaultInheritanceAssembler.java,xxx,xxx,xxx,xxx,xxx,xxx,xxx,xxx,xxx,xxx,xxx,xxx,xxx,xxx,xxx,xxx,Yes
26,maven-model-builder/src/main/java/org/apache/maven/model/interpolation/AbstractStringBasedModelInterpolator.java,xxx,xxx,xxx,xxx,xxx,xxx,xxx,xxx,xxx,xxx,xxx,xxx,xxx,xxx,xxx,xxx,Yes
26,maven-model-builder/src/main/java/org/apache/maven/model/interpolation/ProblemDetectingValueSource.java,xxx,xxx,xxx,xxx,xxx,xxx,xxx,xxx,xxx,xxx,xxx,xxx,xxx,xxx,xxx,xxx,Yes
26,maven-model-builder/src/main/java/org/apache/maven/model/interpolation/StringSearchModelInterpolator.java,xxx,xxx,xxx,xxx,xxx,xxx,xxx,xxx,xxx,xxx,xxx,xxx,xxx,xxx,xxx,xxx,Yes
26,maven-model-builder/src/main/java/org/apache/maven/model/management/DefaultPluginManagementInjector.java,xxx,xxx,xxx,xxx,xxx,xxx,xxx,xxx,xxx,xxx,xxx,xxx,xxx,xxx,xxx,xxx,Yes
26,maven-model-builder/src/main/java/org/apache/maven/model/management/DependencyManagementInjector.java,xxx,xxx,xxx,xxx,xxx,xxx,xxx,xxx,xxx,xxx,xxx,xxx,xxx,xxx,xxx,xxx,Yes
26,maven-model-builder/src/main/java/org/apache/maven/model/management/PluginManagementInjector.java,xxx,xxx,xxx,xxx,xxx,xxx,xxx,xxx,xxx,xxx,xxx,xxx,xxx,xxx,xxx,xxx,Yes
26,maven-model-builder/src/main/java/org/apache/maven/model/normalization/DefaultModelNormalizer.java,xxx,xxx,xxx,xxx,xxx,xxx,xxx,xxx,xxx,xxx,xxx,xxx,xxx,xxx,xxx,xxx,Yes
26,maven-model-builder/src/main/java/org/apache/maven/model/plugin/DefaultReportingConverter.java,xxx,xxx,xxx,xxx,xxx,xxx,xxx,xxx,xxx,xxx,xxx,xxx,xxx,xxx,xxx,xxx,Yes
26,maven-model-builder/src/main/java/org/apache/maven/model/plugin/LifecycleBindingsInjector.java,xxx,xxx,xxx,xxx,xxx,xxx,xxx,xxx,xxx,xxx,xxx,xxx,xxx,xxx,xxx,xxx,Yes
26,maven-model-builder/src/main/java/org/apache/maven/model/profile/DefaultProfileSelector.java,xxx,xxx,xxx,xxx,xxx,xxx,xxx,xxx,xxx,xxx,xxx,xxx,xxx,xxx,xxx,xxx,Yes
26,maven-model-builder/src/main/java/org/apache/maven/model/profile/activation/FileProfileActivator.java,xxx,xxx,xxx,xxx,xxx,xxx,xxx,xxx,xxx,xxx,xxx,xxx,xxx,xxx,xxx,xxx,Yes
26,maven-model-builder/src/main/java/org/apache/maven/model/profile/activation/JdkVersionProfileActivator.java,xxx,xxx,xxx,xxx,xxx,xxx,xxx,xxx,xxx,xxx,xxx,xxx,xxx,xxx,xxx,xxx,Yes
26,maven-model-builder/src/main/java/org/apache/maven/model/profile/activation/PropertyProfileActivator.java,xxx,xxx,xxx,xxx,xxx,xxx,xxx,xxx,xxx,xxx,xxx,xxx,xxx,xxx,xxx,xxx,Yes
26,maven-model-builder/src/main/java/org/apache/maven/model/validation/DefaultModelValidator.java,xxx,xxx,xxx,xxx,xxx,xxx,xxx,xxx,xxx,xxx,xxx,xxx,xxx,xxx,xxx,xxx,Yes
28,maven-artifact/src/main/java/org/apache/maven/artifact/repository/ArtifactRepositoryPolicy.java,xxx,xxx,xxx,xxx,xxx,xxx,xxx,xxx,xxx,xxx,xxx,xxx,xxx,xxx,xxx,xxx,Yes
28,maven-artifact/src/main/java/org/apache/maven/artifact/versioning/ComparableVersion.java,xxx,xxx,xxx,xxx,xxx,xxx,xxx,xxx,xxx,xxx,xxx,xxx,xxx,xxx,xxx,xxx,Yes
28,maven-compat/src/main/java/org/apache/maven/artifact/deployer/DefaultArtifactDeployer.java,xxx,xxx,xxx,xxx,xxx,xxx,xxx,xxx,xxx,xxx,xxx,xxx,xxx,xxx,xxx,xxx,Yes
28,maven-compat/src/main/java/org/apache/maven/artifact/manager/DefaultWagonManager.java,xxx,xxx,xxx,xxx,xxx,xxx,xxx,xxx,xxx,xxx,xxx,xxx,xxx,xxx,xxx,xxx,Yes
28,maven-compat/src/main/java/org/apache/maven/artifact/repository/DefaultArtifactRepositoryFactory.java,xxx,xxx,xxx,xxx,xxx,xxx,xxx,xxx,xxx,xxx,xxx,xxx,xxx,xxx,xxx,xxx,Yes
28,maven-compat/src/main/java/org/apache/maven/artifact/repository/metadata/DefaultRepositoryMetadataManager.java,xxx,xxx,xxx,xxx,xxx,xxx,xxx,xxx,xxx,xxx,xxx,xxx,xxx,xxx,xxx,xxx,Yes
28,maven-compat/src/main/java/org/apache/maven/artifact/repository/metadata/SnapshotArtifactRepositoryMetadata.java,xxx,xxx,xxx,xxx,xxx,xxx,xxx,xxx,xxx,xxx,xxx,xxx,xxx,xxx,xxx,xxx,Yes
28,maven-compat/src/main/java/org/apache/maven/artifact/resolver/DefaultArtifactResolver.java,xxx,xxx,xxx,xxx,xxx,xxx,xxx,xxx,xxx,xxx,xxx,xxx,xxx,xxx,xxx,xxx,Yes
28,maven-compat/src/main/java/org/apache/maven/profiles/DefaultProfileManager.java,xxx,xxx,xxx,xxx,xxx,xxx,xxx,xxx,xxx,xxx,xxx,xxx,xxx,xxx,xxx,xxx,Yes
28,maven-compat/src/main/java/org/apache/maven/project/DefaultMavenProjectBuilder.java,xxx,xxx,xxx,xxx,xxx,xxx,xxx,xxx,xxx,xxx,xxx,xxx,xxx,xxx,xxx,xxx,Yes
28,maven-compat/src/main/java/org/apache/maven/project/validation/DefaultModelValidator.java,xxx,xxx,xxx,xxx,xxx,xxx,xxx,xxx,xxx,xxx,xxx,xxx,xxx,xxx,xxx,xxx,Yes
28,maven-compat/src/main/java/org/apache/maven/repository/UserLocalArtifactRepository.java,xxx,xxx,xxx,xxx,xxx,xxx,xxx,xxx,xxx,xxx,xxx,xxx,xxx,xxx,xxx,xxx,Yes
28,maven-compat/src/main/java/org/apache/maven/repository/legacy/DefaultUpdateCheckManager.java,xxx,xxx,xxx,xxx,xxx,xxx,xxx,xxx,xxx,xxx,xxx,xxx,xxx,xxx,xxx,xxx,Yes
28,maven-compat/src/main/java/org/apache/maven/repository/legacy/DefaultWagonManager.java,xxx,xxx,xxx,xxx,xxx,xxx,xxx,xxx,xxx,xxx,xxx,xxx,xxx,xxx,xxx,xxx,Yes
28,maven-compat/src/main/java/org/apache/maven/repository/legacy/LegacyRepositorySystem.java,xxx,xxx,xxx,xxx,xxx,xxx,xxx,xxx,xxx,xxx,xxx,xxx,xxx,xxx,xxx,xxx,Yes
28,maven-compat/src/main/java/org/apache/maven/repository/legacy/UpdateCheckManager.java,xxx,xxx,xxx,xxx,xxx,xxx,xxx,xxx,xxx,xxx,xxx,xxx,xxx,xxx,xxx,xxx,Yes
28,maven-compat/src/main/java/org/apache/maven/repository/legacy/resolver/DefaultLegacyArtifactCollector.java,xxx,xxx,xxx,xxx,xxx,xxx,xxx,xxx,xxx,xxx,xxx,xxx,xxx,xxx,xxx,xxx,Yes
28,maven-compat/src/main/java/org/apache/maven/repository/legacy/resolver/LegacyArtifactCollector.java,xxx,xxx,xxx,xxx,xxx,xxx,xxx,xxx,xxx,xxx,xxx,xxx,xxx,xxx,xxx,xxx,Yes
28,maven-compat/src/main/java/org/apache/maven/repository/legacy/resolver/transform/LatestArtifactTransformation.java,xxx,xxx,xxx,xxx,xxx,xxx,xxx,xxx,xxx,xxx,xxx,xxx,xxx,xxx,xxx,xxx,Yes
28,maven-compat/src/main/java/org/apache/maven/repository/legacy/resolver/transform/ReleaseArtifactTransformation.java,xxx,xxx,xxx,xxx,xxx,xxx,xxx,xxx,xxx,xxx,xxx,xxx,xxx,xxx,xxx,xxx,Yes
28,maven-core/src/main/java/org/apache/maven/DefaultArtifactFilterManager.java,xxx,xxx,xxx,xxx,xxx,xxx,xxx,xxx,xxx,xxx,xxx,xxx,xxx,xxx,xxx,xxx,Yes
28,maven-core/src/main/java/org/apache/maven/DefaultMaven.java,xxx,xxx,xxx,xxx,xxx,xxx,xxx,xxx,xxx,xxx,xxx,xxx,xxx,xxx,xxx,xxx,Yes
28,maven-core/src/main/java/org/apache/maven/DefaultProjectDependenciesResolver.java,xxx,xxx,xxx,xxx,xxx,xxx,xxx,xxx,xxx,xxx,xxx,xxx,xxx,xxx,xxx,xxx,Yes
28,maven-core/src/main/java/org/apache/maven/ReactorArtifactRepository.java,xxx,xxx,xxx,xxx,xxx,xxx,xxx,xxx,xxx,xxx,xxx,xxx,xxx,xxx,xxx,xxx,Yes
28,maven-core/src/main/java/org/apache/maven/artifact/repository/metadata/AbstractRepositoryMetadata.java,xxx,xxx,xxx,xxx,xxx,xxx,xxx,xxx,xxx,xxx,xxx,xxx,xxx,xxx,xxx,xxx,Yes
28,maven-core/src/main/java/org/apache/maven/artifact/repository/metadata/ArtifactRepositoryMetadata.java,xxx,xxx,xxx,xxx,xxx,xxx,xxx,xxx,xxx,xxx,xxx,xxx,xxx,xxx,xxx,xxx,Yes
28,maven-core/src/main/java/org/apache/maven/artifact/repository/metadata/RepositoryMetadata.java,xxx,xxx,xxx,xxx,xxx,xxx,xxx,xxx,xxx,xxx,xxx,xxx,xxx,xxx,xxx,xxx,Yes
28,maven-core/src/main/java/org/apache/maven/artifact/resolver/ArtifactResolutionRequest.java,xxx,xxx,xxx,xxx,xxx,xxx,xxx,xxx,xxx,xxx,xxx,xxx,xxx,xxx,xxx,xxx,Yes
28,maven-core/src/main/java/org/apache/maven/artifact/resolver/filter/ExclusionSetFilter.java,xxx,xxx,xxx,xxx,xxx,xxx,xxx,xxx,xxx,xxx,xxx,xxx,xxx,xxx,xxx,xxx,Yes
28,maven-core/src/main/java/org/apache/maven/classrealm/DefaultClassRealmManager.java,xxx,xxx,xxx,xxx,xxx,xxx,xxx,xxx,xxx,xxx,xxx,xxx,xxx,xxx,xxx,xxx,Yes
28,maven-core/src/main/java/org/apache/maven/exception/DefaultExceptionHandler.java,xxx,xxx,xxx,xxx,xxx,xxx,xxx,xxx,xxx,xxx,xxx,xxx,xxx,xxx,xxx,xxx,Yes
28,maven-core/src/main/java/org/apache/maven/execution/DefaultMavenExecutionRequest.java,xxx,xxx,xxx,xxx,xxx,xxx,xxx,xxx,xxx,xxx,xxx,xxx,xxx,xxx,xxx,xxx,Yes
28,maven-core/src/main/java/org/apache/maven/execution/MavenExecutionRequest.java,xxx,xxx,xxx,xxx,xxx,xxx,xxx,xxx,xxx,xxx,xxx,xxx,xxx,xxx,xxx,xxx,Yes
28,maven-core/src/main/java/org/apache/maven/execution/MavenSession.java,xxx,xxx,xxx,xxx,xxx,xxx,xxx,xxx,xxx,xxx,xxx,xxx,xxx,xxx,xxx,xxx,Yes
28,maven-core/src/main/java/org/apache/maven/execution/SettingsAdapter.java,xxx,xxx,xxx,xxx,xxx,xxx,xxx,xxx,xxx,xxx,xxx,xxx,xxx,xxx,xxx,xxx,Yes
28,maven-core/src/main/java/org/apache/maven/lifecycle/DefaultLifecycleExecutor.java,xxx,xxx,xxx,xxx,xxx,xxx,xxx,xxx,xxx,xxx,xxx,xxx,xxx,xxx,xxx,xxx,Yes
28,maven-core/src/main/java/org/apache/maven/lifecycle/LifecycleExecutor.java,xxx,xxx,xxx,xxx,xxx,xxx,xxx,xxx,xxx,xxx,xxx,xxx,xxx,xxx,xxx,xxx,Yes
28,maven-core/src/main/java/org/apache/maven/lifecycle/mapping/DefaultLifecycleMapping.java,xxx,xxx,xxx,xxx,xxx,xxx,xxx,xxx,xxx,xxx,xxx,xxx,xxx,xxx,xxx,xxx,Yes
28,maven-core/src/main/java/org/apache/maven/lifecycle/mapping/Lifecycle.java,xxx,xxx,xxx,xxx,xxx,xxx,xxx,xxx,xxx,xxx,xxx,xxx,xxx,xxx,xxx,xxx,Yes
28,maven-core/src/main/java/org/apache/maven/lifecycle/mapping/LifecycleMapping.java,xxx,xxx,xxx,xxx,xxx,xxx,xxx,xxx,xxx,xxx,xxx,xxx,xxx,xxx,xxx,xxx,Yes
28,maven-core/src/main/java/org/apache/maven/model/plugin/DefaultLifecycleBindingsInjector.java,xxx,xxx,xxx,xxx,xxx,xxx,xxx,xxx,xxx,xxx,xxx,xxx,xxx,xxx,xxx,xxx,Yes
28,maven-core/src/main/java/org/apache/maven/plugin/DefaultBuildPluginManager.java,xxx,xxx,xxx,xxx,xxx,xxx,xxx,xxx,xxx,xxx,xxx,xxx,xxx,xxx,xxx,xxx,Yes
28,maven-core/src/main/java/org/apache/maven/plugin/DefaultExtensionRealmCache.java,xxx,xxx,xxx,xxx,xxx,xxx,xxx,xxx,xxx,xxx,xxx,xxx,xxx,xxx,xxx,xxx,Yes
28,maven-core/src/main/java/org/apache/maven/plugin/DefaultPluginDescriptorCache.java,xxx,xxx,xxx,xxx,xxx,xxx,xxx,xxx,xxx,xxx,xxx,xxx,xxx,xxx,xxx,xxx,Yes
28,maven-core/src/main/java/org/apache/maven/plugin/MojoExecution.java,xxx,xxx,xxx,xxx,xxx,xxx,xxx,xxx,xxx,xxx,xxx,xxx,xxx,xxx,xxx,xxx,Yes
28,maven-core/src/main/java/org/apache/maven/plugin/PluginParameterExpressionEvaluator.java,xxx,xxx,xxx,xxx,xxx,xxx,xxx,xxx,xxx,xxx,xxx,xxx,xxx,xxx,xxx,xxx,Yes
28,maven-core/src/main/java/org/apache/maven/plugin/internal/DefaultMavenPluginManager.java,xxx,xxx,xxx,xxx,xxx,xxx,xxx,xxx,xxx,xxx,xxx,xxx,xxx,xxx,xxx,xxx,Yes
28,maven-core/src/main/java/org/apache/maven/plugin/internal/DefaultPluginManager.java,xxx,xxx,xxx,xxx,xxx,xxx,xxx,xxx,xxx,xxx,xxx,xxx,xxx,xxx,xxx,xxx,Yes
28,maven-core/src/main/java/org/apache/maven/plugin/prefix/DefaultPluginPrefixRequest.java,xxx,xxx,xxx,xxx,xxx,xxx,xxx,xxx,xxx,xxx,xxx,xxx,xxx,xxx,xxx,xxx,Yes
28,maven-core/src/main/java/org/apache/maven/plugin/prefix/internal/DefaultPluginPrefixResolver.java,xxx,xxx,xxx,xxx,xxx,xxx,xxx,xxx,xxx,xxx,xxx,xxx,xxx,xxx,xxx,xxx,Yes
28,maven-core/src/main/java/org/apache/maven/plugin/version/DefaultPluginVersionRequest.java,xxx,xxx,xxx,xxx,xxx,xxx,xxx,xxx,xxx,xxx,xxx,xxx,xxx,xxx,xxx,xxx,Yes
28,maven-core/src/main/java/org/apache/maven/plugin/version/internal/DefaultPluginVersionResolver.java,xxx,xxx,xxx,xxx,xxx,xxx,xxx,xxx,xxx,xxx,xxx,xxx,xxx,xxx,xxx,xxx,Yes
28,maven-core/src/main/java/org/apache/maven/project/DefaultModelBuildingListener.java,xxx,xxx,xxx,xxx,xxx,xxx,xxx,xxx,xxx,xxx,xxx,xxx,xxx,xxx,xxx,xxx,Yes
28,maven-core/src/main/java/org/apache/maven/project/DefaultProjectBuilder.java,xxx,xxx,xxx,xxx,xxx,xxx,xxx,xxx,xxx,xxx,xxx,xxx,xxx,xxx,xxx,xxx,Yes
28,maven-core/src/main/java/org/apache/maven/project/DefaultProjectBuildingHelper.java,xxx,xxx,xxx,xxx,xxx,xxx,xxx,xxx,xxx,xxx,xxx,xxx,xxx,xxx,xxx,xxx,Yes
28,maven-core/src/main/java/org/apache/maven/project/DefaultProjectBuildingRequest.java,xxx,xxx,xxx,xxx,xxx,xxx,xxx,xxx,xxx,xxx,xxx,xxx,xxx,xxx,xxx,xxx,Yes
28,maven-core/src/main/java/org/apache/maven/project/MavenProject.java,xxx,xxx,xxx,xxx,xxx,xxx,xxx,xxx,xxx,xxx,xxx,xxx,xxx,xxx,xxx,xxx,Yes
28,maven-core/src/main/java/org/apache/maven/project/ProjectBuilder.java,xxx,xxx,xxx,xxx,xxx,xxx,xxx,xxx,xxx,xxx,xxx,xxx,xxx,xxx,xxx,xxx,Yes
28,maven-core/src/main/java/org/apache/maven/project/ProjectBuildingException.java,xxx,xxx,xxx,xxx,xxx,xxx,xxx,xxx,xxx,xxx,xxx,xxx,xxx,xxx,xxx,xxx,Yes
28,maven-core/src/main/java/org/apache/maven/project/ProjectBuildingHelper.java,xxx,xxx,xxx,xxx,xxx,xxx,xxx,xxx,xxx,xxx,xxx,xxx,xxx,xxx,xxx,xxx,Yes
28,maven-core/src/main/java/org/apache/maven/project/ProjectBuildingRequest.java,xxx,xxx,xxx,xxx,xxx,xxx,xxx,xxx,xxx,xxx,xxx,xxx,xxx,xxx,xxx,xxx,Yes
28,maven-core/src/main/java/org/apache/maven/project/RepositoryModelResolver.java,xxx,xxx,xxx,xxx,xxx,xxx,xxx,xxx,xxx,xxx,xxx,xxx,xxx,xxx,xxx,xxx,Yes
28,maven-core/src/main/java/org/apache/maven/project/artifact/MavenMetadataSource.java,xxx,xxx,xxx,xxx,xxx,xxx,xxx,xxx,xxx,xxx,xxx,xxx,xxx,xxx,xxx,xxx,Yes
28,maven-core/src/main/java/org/apache/maven/repository/legacy/metadata/DefaultMetadataResolutionRequest.java,xxx,xxx,xxx,xxx,xxx,xxx,xxx,xxx,xxx,xxx,xxx,xxx,xxx,xxx,xxx,xxx,Yes
28,maven-core/src/main/java/org/apache/maven/repository/legacy/metadata/MetadataResolutionRequest.java,xxx,xxx,xxx,xxx,xxx,xxx,xxx,xxx,xxx,xxx,xxx,xxx,xxx,xxx,xxx,xxx,Yes
28,maven-core/src/main/java/org/apache/maven/settings/building/DefaultSettingsBuilder.java,xxx,xxx,xxx,xxx,xxx,xxx,xxx,xxx,xxx,xxx,xxx,xxx,xxx,xxx,xxx,xxx,Yes
28,maven-core/src/main/java/org/apache/maven/settings/validation/DefaultSettingsValidator.java,xxx,xxx,xxx,xxx,xxx,xxx,xxx,xxx,xxx,xxx,xxx,xxx,xxx,xxx,xxx,xxx,Yes
28,maven-embedder/src/main/java/org/apache/maven/cli/MavenCli.java,xxx,xxx,xxx,xxx,xxx,xxx,xxx,xxx,xxx,xxx,xxx,xxx,xxx,xxx,xxx,xxx,Yes
28,maven-model-builder/src/main/java/org/apache/maven/model/building/DefaultModelBuilder.java,xxx,xxx,xxx,xxx,xxx,xxx,xxx,xxx,xxx,xxx,xxx,xxx,xxx,xxx,xxx,xxx,Yes
28,maven-model-builder/src/main/java/org/apache/maven/model/building/DefaultModelProblemCollector.java,xxx,xxx,xxx,xxx,xxx,xxx,xxx,xxx,xxx,xxx,xxx,xxx,xxx,xxx,xxx,xxx,Yes
28,maven-model-builder/src/main/java/org/apache/maven/model/inheritance/DefaultInheritanceAssembler.java,xxx,xxx,xxx,xxx,xxx,xxx,xxx,xxx,xxx,xxx,xxx,xxx,xxx,xxx,xxx,xxx,Yes
28,maven-model-builder/src/main/java/org/apache/maven/model/interpolation/AbstractStringBasedModelInterpolator.java,xxx,xxx,xxx,xxx,xxx,xxx,xxx,xxx,xxx,xxx,xxx,xxx,xxx,xxx,xxx,xxx,Yes
28,maven-model-builder/src/main/java/org/apache/maven/model/interpolation/PathTranslatingPostProcessor.java,xxx,xxx,xxx,xxx,xxx,xxx,xxx,xxx,xxx,xxx,xxx,xxx,xxx,xxx,xxx,xxx,Yes
28,maven-model-builder/src/main/java/org/apache/maven/model/interpolation/ProblemDetectingValueSource.java,xxx,xxx,xxx,xxx,xxx,xxx,xxx,xxx,xxx,xxx,xxx,xxx,xxx,xxx,xxx,xxx,Yes
28,maven-model-builder/src/main/java/org/apache/maven/model/interpolation/StringSearchModelInterpolator.java,xxx,xxx,xxx,xxx,xxx,xxx,xxx,xxx,xxx,xxx,xxx,xxx,xxx,xxx,xxx,xxx,Yes
28,maven-model-builder/src/main/java/org/apache/maven/model/management/DefaultDependencyManagementInjector.java,xxx,xxx,xxx,xxx,xxx,xxx,xxx,xxx,xxx,xxx,xxx,xxx,xxx,xxx,xxx,xxx,Yes
28,maven-model-builder/src/main/java/org/apache/maven/model/management/DefaultPluginManagementInjector.java,xxx,xxx,xxx,xxx,xxx,xxx,xxx,xxx,xxx,xxx,xxx,xxx,xxx,xxx,xxx,xxx,Yes
28,maven-model-builder/src/main/java/org/apache/maven/model/management/DependencyManagementInjector.java,xxx,xxx,xxx,xxx,xxx,xxx,xxx,xxx,xxx,xxx,xxx,xxx,xxx,xxx,xxx,xxx,Yes
28,maven-model-builder/src/main/java/org/apache/maven/model/management/PluginManagementInjector.java,xxx,xxx,xxx,xxx,xxx,xxx,xxx,xxx,xxx,xxx,xxx,xxx,xxx,xxx,xxx,xxx,Yes
28,maven-model-builder/src/main/java/org/apache/maven/model/merge/MavenModelMerger.java,xxx,xxx,xxx,xxx,xxx,xxx,xxx,xxx,xxx,xxx,xxx,xxx,xxx,xxx,xxx,xxx,Yes
28,maven-model-builder/src/main/java/org/apache/maven/model/normalization/DefaultModelNormalizer.java,xxx,xxx,xxx,xxx,xxx,xxx,xxx,xxx,xxx,xxx,xxx,xxx,xxx,xxx,xxx,xxx,Yes
28,maven-model-builder/src/main/java/org/apache/maven/model/plugin/DefaultReportingConverter.java,xxx,xxx,xxx,xxx,xxx,xxx,xxx,xxx,xxx,xxx,xxx,xxx,xxx,xxx,xxx,xxx,Yes
28,maven-model-builder/src/main/java/org/apache/maven/model/plugin/LifecycleBindingsInjector.java,xxx,xxx,xxx,xxx,xxx,xxx,xxx,xxx,xxx,xxx,xxx,xxx,xxx,xxx,xxx,xxx,Yes
28,maven-model-builder/src/main/java/org/apache/maven/model/profile/DefaultProfileSelector.java,xxx,xxx,xxx,xxx,xxx,xxx,xxx,xxx,xxx,xxx,xxx,xxx,xxx,xxx,xxx,xxx,Yes
28,maven-model-builder/src/main/java/org/apache/maven/model/profile/activation/FileProfileActivator.java,xxx,xxx,xxx,xxx,xxx,xxx,xxx,xxx,xxx,xxx,xxx,xxx,xxx,xxx,xxx,xxx,Yes
28,maven-model-builder/src/main/java/org/apache/maven/model/profile/activation/JdkVersionProfileActivator.java,xxx,xxx,xxx,xxx,xxx,xxx,xxx,xxx,xxx,xxx,xxx,xxx,xxx,xxx,xxx,xxx,Yes
28,maven-model-builder/src/main/java/org/apache/maven/model/profile/activation/PropertyProfileActivator.java,xxx,xxx,xxx,xxx,xxx,xxx,xxx,xxx,xxx,xxx,xxx,xxx,xxx,xxx,xxx,xxx,Yes
28,maven-model-builder/src/main/java/org/apache/maven/model/validation/DefaultModelValidator.java,xxx,xxx,xxx,xxx,xxx,xxx,xxx,xxx,xxx,xxx,xxx,xxx,xxx,xxx,xxx,xxx,Yes
